[2025-09-03 01:08:16,690] INFO Reading configuration from: .\config\zookeeper.properties (org.apache.zookeeper.server.quorum.QuorumPeerConfig)
[2025-09-03 01:08:16,711] INFO clientPortAddress is 0.0.0.0:2181 (org.apache.zookeeper.server.quorum.QuorumPeerConfig)
[2025-09-03 01:08:16,711] INFO secureClientPort is not set (org.apache.zookeeper.server.quorum.QuorumPeerConfig)
[2025-09-03 01:08:16,711] INFO observerMasterPort is not set (org.apache.zookeeper.server.quorum.QuorumPeerConfig)
[2025-09-03 01:08:16,711] INFO metricsProvider.className is org.apache.zookeeper.metrics.impl.DefaultMetricsProvider (org.apache.zookeeper.server.quorum.QuorumPeerConfig)
[2025-09-03 01:08:16,711] INFO autopurge.snapRetainCount set to 3 (org.apache.zookeeper.server.DatadirCleanupManager)
[2025-09-03 01:08:16,711] INFO autopurge.purgeInterval set to 0 (org.apache.zookeeper.server.DatadirCleanupManager)
[2025-09-03 01:08:16,711] INFO Purge task is not scheduled. (org.apache.zookeeper.server.DatadirCleanupManager)
[2025-09-03 01:08:16,711] WARN Either no config or no quorum defined in config, running in standalone mode (org.apache.zookeeper.server.quorum.QuorumPeerMain)
[2025-09-03 01:08:16,727] INFO Log4j 1.2 jmx support not found; jmx disabled. (org.apache.zookeeper.jmx.ManagedUtil)
[2025-09-03 01:08:16,728] INFO Reading configuration from: .\config\zookeeper.properties (org.apache.zookeeper.server.quorum.QuorumPeerConfig)
[2025-09-03 01:08:16,732] INFO clientPortAddress is 0.0.0.0:2181 (org.apache.zookeeper.server.quorum.QuorumPeerConfig)
[2025-09-03 01:08:16,732] INFO secureClientPort is not set (org.apache.zookeeper.server.quorum.QuorumPeerConfig)
[2025-09-03 01:08:16,732] INFO observerMasterPort is not set (org.apache.zookeeper.server.quorum.QuorumPeerConfig)
[2025-09-03 01:08:16,732] INFO metricsProvider.className is org.apache.zookeeper.metrics.impl.DefaultMetricsProvider (org.apache.zookeeper.server.quorum.QuorumPeerConfig)
[2025-09-03 01:08:16,732] INFO Starting server (org.apache.zookeeper.server.ZooKeeperServerMain)
[2025-09-03 01:08:16,764] INFO ServerMetrics initialized with provider org.apache.zookeeper.metrics.impl.DefaultMetricsProvider@31d7b7bf (org.apache.zookeeper.server.ServerMetrics)
[2025-09-03 01:08:16,773] INFO ACL digest algorithm is: SHA1 (org.apache.zookeeper.server.auth.DigestAuthenticationProvider)
[2025-09-03 01:08:16,774] INFO zookeeper.DigestAuthenticationProvider.enabled = true (org.apache.zookeeper.server.auth.DigestAuthenticationProvider)
[2025-09-03 01:08:16,778] INFO zookeeper.snapshot.trust.empty : false (org.apache.zookeeper.server.persistence.FileTxnSnapLog)
[2025-09-03 01:08:16,808] INFO  (org.apache.zookeeper.server.ZooKeeperServer)
[2025-09-03 01:08:16,808] INFO   ______                  _                                           (org.apache.zookeeper.server.ZooKeeperServer)
[2025-09-03 01:08:16,808] INFO  |___  /                 | |                                          (org.apache.zookeeper.server.ZooKeeperServer)
[2025-09-03 01:08:16,808] INFO     / /    ___     ___   | | __   ___    ___   _ __     ___   _ __    (org.apache.zookeeper.server.ZooKeeperServer)
[2025-09-03 01:08:16,808] INFO    / /    / _ \   / _ \  | |/ /  / _ \  / _ \ | '_ \   / _ \ | '__| (org.apache.zookeeper.server.ZooKeeperServer)
[2025-09-03 01:08:16,808] INFO   / /__  | (_) | | (_) | |   <  |  __/ |  __/ | |_) | |  __/ | |     (org.apache.zookeeper.server.ZooKeeperServer)
[2025-09-03 01:08:16,808] INFO  /_____|  \___/   \___/  |_|\_\  \___|  \___| | .__/   \___| |_| (org.apache.zookeeper.server.ZooKeeperServer)
[2025-09-03 01:08:16,808] INFO                                               | |                      (org.apache.zookeeper.server.ZooKeeperServer)
[2025-09-03 01:08:16,808] INFO                                               |_|                      (org.apache.zookeeper.server.ZooKeeperServer)
[2025-09-03 01:08:16,808] INFO  (org.apache.zookeeper.server.ZooKeeperServer)
[2025-09-03 01:08:16,822] INFO Server environment:zookeeper.version=3.8.4-9316c2a7a97e1666d8f4593f34dd6fc36ecc436c, built on 2024-02-12 22:16 UTC (org.apache.zookeeper.server.ZooKeeperServer)
[2025-09-03 01:08:16,822] INFO Server environment:host.name=OMPRAKASH (org.apache.zookeeper.server.ZooKeeperServer)
[2025-09-03 01:08:16,822] INFO Server environment:java.version=23 (org.apache.zookeeper.server.ZooKeeperServer)
[2025-09-03 01:08:16,822] INFO Server environment:java.vendor=Oracle Corporation (org.apache.zookeeper.server.ZooKeeperServer)
[2025-09-03 01:08:16,822] INFO Server environment:java.home=C:\Program Files\Java\jdk-23 (org.apache.zookeeper.server.ZooKeeperServer)
[2025-09-03 01:08:16,822] INFO Server environment:java.class.path=E:\kafka_2.13-3.9.1\libs\activation-1.1.1.jar;E:\kafka_2.13-3.9.1\libs\aopalliance-repackaged-2.6.1.jar;E:\kafka_2.13-3.9.1\libs\argparse4j-0.7.0.jar;E:\kafka_2.13-3.9.1\libs\audience-annotations-0.12.0.jar;E:\kafka_2.13-3.9.1\libs\caffeine-2.9.3.jar;E:\kafka_2.13-3.9.1\libs\commons-beanutils-1.9.4.jar;E:\kafka_2.13-3.9.1\libs\commons-cli-1.4.jar;E:\kafka_2.13-3.9.1\libs\commons-collections-3.2.2.jar;E:\kafka_2.13-3.9.1\libs\commons-digester-2.1.jar;E:\kafka_2.13-3.9.1\libs\commons-io-2.14.0.jar;E:\kafka_2.13-3.9.1\libs\commons-lang3-3.12.0.jar;E:\kafka_2.13-3.9.1\libs\commons-logging-1.2.jar;E:\kafka_2.13-3.9.1\libs\commons-validator-1.7.jar;E:\kafka_2.13-3.9.1\libs\connect-api-3.9.1.jar;E:\kafka_2.13-3.9.1\libs\connect-basic-auth-extension-3.9.1.jar;E:\kafka_2.13-3.9.1\libs\connect-file-3.9.1.jar;E:\kafka_2.13-3.9.1\libs\connect-json-3.9.1.jar;E:\kafka_2.13-3.9.1\libs\connect-mirror-3.9.1.jar;E:\kafka_2.13-3.9.1\libs\connect-mirror-client-3.9.1.jar;E:\kafka_2.13-3.9.1\libs\connect-runtime-3.9.1.jar;E:\kafka_2.13-3.9.1\libs\connect-transforms-3.9.1.jar;E:\kafka_2.13-3.9.1\libs\error_prone_annotations-2.10.0.jar;E:\kafka_2.13-3.9.1\libs\hk2-api-2.6.1.jar;E:\kafka_2.13-3.9.1\libs\hk2-locator-2.6.1.jar;E:\kafka_2.13-3.9.1\libs\hk2-utils-2.6.1.jar;E:\kafka_2.13-3.9.1\libs\jackson-annotations-2.16.2.jar;E:\kafka_2.13-3.9.1\libs\jackson-core-2.16.2.jar;E:\kafka_2.13-3.9.1\libs\jackson-databind-2.16.2.jar;E:\kafka_2.13-3.9.1\libs\jackson-dataformat-csv-2.16.2.jar;E:\kafka_2.13-3.9.1\libs\jackson-datatype-jdk8-2.16.2.jar;E:\kafka_2.13-3.9.1\libs\jackson-jaxrs-base-2.16.2.jar;E:\kafka_2.13-3.9.1\libs\jackson-jaxrs-json-provider-2.16.2.jar;E:\kafka_2.13-3.9.1\libs\jackson-module-afterburner-2.16.2.jar;E:\kafka_2.13-3.9.1\libs\jackson-module-jaxb-annotations-2.16.2.jar;E:\kafka_2.13-3.9.1\libs\jackson-module-scala_2.13-2.16.2.jar;E:\kafka_2.13-3.9.1\libs\jakarta.activation-api-1.2.2.jar;E:\kafka_2.13-3.9.1\libs\jakarta.annotation-api-1.3.5.jar;E:\kafka_2.13-3.9.1\libs\jakarta.inject-2.6.1.jar;E:\kafka_2.13-3.9.1\libs\jakarta.validation-api-2.0.2.jar;E:\kafka_2.13-3.9.1\libs\jakarta.ws.rs-api-2.1.6.jar;E:\kafka_2.13-3.9.1\libs\jakarta.xml.bind-api-2.3.3.jar;E:\kafka_2.13-3.9.1\libs\javassist-3.29.2-GA.jar;E:\kafka_2.13-3.9.1\libs\javax.activation-api-1.2.0.jar;E:\kafka_2.13-3.9.1\libs\javax.annotation-api-1.3.2.jar;E:\kafka_2.13-3.9.1\libs\javax.servlet-api-3.1.0.jar;E:\kafka_2.13-3.9.1\libs\javax.ws.rs-api-2.1.1.jar;E:\kafka_2.13-3.9.1\libs\jaxb-api-2.3.1.jar;E:\kafka_2.13-3.9.1\libs\jersey-client-2.39.1.jar;E:\kafka_2.13-3.9.1\libs\jersey-common-2.39.1.jar;E:\kafka_2.13-3.9.1\libs\jersey-container-servlet-2.39.1.jar;E:\kafka_2.13-3.9.1\libs\jersey-container-servlet-core-2.39.1.jar;E:\kafka_2.13-3.9.1\libs\jersey-hk2-2.39.1.jar;E:\kafka_2.13-3.9.1\libs\jersey-server-2.39.1.jar;E:\kafka_2.13-3.9.1\libs\jetty-client-9.4.57.v20241219.jar;E:\kafka_2.13-3.9.1\libs\jetty-continuation-9.4.57.v20241219.jar;E:\kafka_2.13-3.9.1\libs\jetty-http-9.4.57.v20241219.jar;E:\kafka_2.13-3.9.1\libs\jetty-io-9.4.57.v20241219.jar;E:\kafka_2.13-3.9.1\libs\jetty-security-9.4.57.v20241219.jar;E:\kafka_2.13-3.9.1\libs\jetty-server-9.4.57.v20241219.jar;E:\kafka_2.13-3.9.1\libs\jetty-servlet-9.4.57.v20241219.jar;E:\kafka_2.13-3.9.1\libs\jetty-servlets-9.4.57.v20241219.jar;E:\kafka_2.13-3.9.1\libs\jetty-util-9.4.57.v20241219.jar;E:\kafka_2.13-3.9.1\libs\jetty-util-ajax-9.4.57.v20241219.jar;E:\kafka_2.13-3.9.1\libs\jline-3.25.1.jar;E:\kafka_2.13-3.9.1\libs\jopt-simple-5.0.4.jar;E:\kafka_2.13-3.9.1\libs\jose4j-0.9.4.jar;E:\kafka_2.13-3.9.1\libs\jsr305-3.0.2.jar;E:\kafka_2.13-3.9.1\libs\kafka-clients-3.9.1.jar;E:\kafka_2.13-3.9.1\libs\kafka-group-coordinator-3.9.1.jar;E:\kafka_2.13-3.9.1\libs\kafka-group-coordinator-api-3.9.1.jar;E:\kafka_2.13-3.9.1\libs\kafka-metadata-3.9.1.jar;E:\kafka_2.13-3.9.1\libs\kafka-raft-3.9.1.jar;E:\kafka_2.13-3.9.1\libs\kafka-server-3.9.1.jar;E:\kafka_2.13-3.9.1\libs\kafka-server-common-3.9.1.jar;E:\kafka_2.13-3.9.1\libs\kafka-shell-3.9.1.jar;E:\kafka_2.13-3.9.1\libs\kafka-storage-3.9.1.jar;E:\kafka_2.13-3.9.1\libs\kafka-storage-api-3.9.1.jar;E:\kafka_2.13-3.9.1\libs\kafka-streams-3.9.1.jar;E:\kafka_2.13-3.9.1\libs\kafka-streams-examples-3.9.1.jar;E:\kafka_2.13-3.9.1\libs\kafka-streams-scala_2.13-3.9.1.jar;E:\kafka_2.13-3.9.1\libs\kafka-streams-test-utils-3.9.1.jar;E:\kafka_2.13-3.9.1\libs\kafka-tools-3.9.1.jar;E:\kafka_2.13-3.9.1\libs\kafka-tools-api-3.9.1.jar;E:\kafka_2.13-3.9.1\libs\kafka-transaction-coordinator-3.9.1.jar;E:\kafka_2.13-3.9.1\libs\kafka_2.13-3.9.1.jar;E:\kafka_2.13-3.9.1\libs\lz4-java-1.8.0.jar;E:\kafka_2.13-3.9.1\libs\maven-artifact-3.9.6.jar;E:\kafka_2.13-3.9.1\libs\metrics-core-2.2.0.jar;E:\kafka_2.13-3.9.1\libs\metrics-core-4.1.12.1.jar;E:\kafka_2.13-3.9.1\libs\netty-buffer-4.1.119.Final.jar;E:\kafka_2.13-3.9.1\libs\netty-codec-4.1.119.Final.jar;E:\kafka_2.13-3.9.1\libs\netty-common-4.1.119.Final.jar;E:\kafka_2.13-3.9.1\libs\netty-handler-4.1.119.Final.jar;E:\kafka_2.13-3.9.1\libs\netty-resolver-4.1.119.Final.jar;E:\kafka_2.13-3.9.1\libs\netty-transport-4.1.119.Final.jar;E:\kafka_2.13-3.9.1\libs\netty-transport-classes-epoll-4.1.119.Final.jar;E:\kafka_2.13-3.9.1\libs\netty-transport-native-epoll-4.1.119.Final.jar;E:\kafka_2.13-3.9.1\libs\netty-transport-native-unix-common-4.1.119.Final.jar;E:\kafka_2.13-3.9.1\libs\opentelemetry-proto-1.0.0-alpha.jar;E:\kafka_2.13-3.9.1\libs\osgi-resource-locator-1.0.3.jar;E:\kafka_2.13-3.9.1\libs\paranamer-2.8.jar;E:\kafka_2.13-3.9.1\libs\pcollections-4.0.1.jar;E:\kafka_2.13-3.9.1\libs\plexus-utils-3.5.1.jar;E:\kafka_2.13-3.9.1\libs\protobuf-java-3.25.5.jar;E:\kafka_2.13-3.9.1\libs\reflections-0.10.2.jar;E:\kafka_2.13-3.9.1\libs\reload4j-1.2.25.jar;E:\kafka_2.13-3.9.1\libs\rocksdbjni-7.9.2.jar;E:\kafka_2.13-3.9.1\libs\scala-collection-compat_2.13-2.10.0.jar;E:\kafka_2.13-3.9.1\libs\scala-java8-compat_2.13-1.0.2.jar;E:\kafka_2.13-3.9.1\libs\scala-library-2.13.15.jar;E:\kafka_2.13-3.9.1\libs\scala-logging_2.13-3.9.5.jar;E:\kafka_2.13-3.9.1\libs\scala-reflect-2.13.15.jar;E:\kafka_2.13-3.9.1\libs\slf4j-api-1.7.36.jar;E:\kafka_2.13-3.9.1\libs\slf4j-reload4j-1.7.36.jar;E:\kafka_2.13-3.9.1\libs\snappy-java-1.1.10.5.jar;E:\kafka_2.13-3.9.1\libs\swagger-annotations-2.2.8.jar;E:\kafka_2.13-3.9.1\libs\trogdor-3.9.1.jar;E:\kafka_2.13-3.9.1\libs\zookeeper-3.8.4.jar;E:\kafka_2.13-3.9.1\libs\zookeeper-jute-3.8.4.jar;E:\kafka_2.13-3.9.1\libs\zstd-jni-1.5.6-4.jar (org.apache.zookeeper.server.ZooKeeperServer)
[2025-09-03 01:08:16,822] INFO Server environment:java.library.path=C:\Program Files\Java\jdk-23\bin;C:\WINDOWS\Sun\Java\bin;C:\WINDOWS\system32;C:\WINDOWS;C:\Program Files\Common Files\Oracle\Java\javapath;C:\windows\system32;C:\windows;C:\windows\System32\Wbem;C:\windows\System32\WindowsPowerShell\v1.0\;C:\windows\System32\OpenSSH\;C:\Program Files\HP\HP One Agent;C:\Program Files\Java\jdk-23\bin;C:\Program Files\Python313;C:\Program Files\Python313\Scripts;C:\WINDOWS\system32;C:\WINDOWS;C:\WINDOWS\System32\Wbem;C:\WINDOWS\System32\WindowsPowerShell\v1.0\;C:\WINDOWS\System32\OpenSSH\;C:\Program Files\nodejs\;C:\Program Files\MySQL\MySQL Server 8.0\bin;C:\Program Files\Git\cmd;C:\Program Files\Docker\Docker\resources\bin;C:\Users\ompra\AppData\Local\Programs\Python\Python311\Scripts\;C:\Users\ompra\AppData\Local\Programs\Python\Python311\;C:\Users\ompra\AppData\Local\Microsoft\WindowsApps;C:\Program Files\Python313;C:\Program Files\Python313\Scripts;C:\Users\ompra\AppData\Local\Programs\Microsoft VS Code\bin;C:\Users\ompra\AppData\Roaming\npm;. (org.apache.zookeeper.server.ZooKeeperServer)
[2025-09-03 01:08:16,822] INFO Server environment:java.io.tmpdir=C:\Users\ompra\AppData\Local\Temp\ (org.apache.zookeeper.server.ZooKeeperServer)
[2025-09-03 01:08:16,822] INFO Server environment:java.compiler=<NA> (org.apache.zookeeper.server.ZooKeeperServer)
[2025-09-03 01:08:16,822] INFO Server environment:os.name=Windows 11 (org.apache.zookeeper.server.ZooKeeperServer)
[2025-09-03 01:08:16,822] INFO Server environment:os.arch=amd64 (org.apache.zookeeper.server.ZooKeeperServer)
[2025-09-03 01:08:16,822] INFO Server environment:os.version=10.0 (org.apache.zookeeper.server.ZooKeeperServer)
[2025-09-03 01:08:16,822] INFO Server environment:user.name=ompra (org.apache.zookeeper.server.ZooKeeperServer)
[2025-09-03 01:08:16,822] INFO Server environment:user.home=C:\Users\ompra (org.apache.zookeeper.server.ZooKeeperServer)
[2025-09-03 01:08:16,822] INFO Server environment:user.dir=E:\kafka_2.13-3.9.1 (org.apache.zookeeper.server.ZooKeeperServer)
[2025-09-03 01:08:16,822] INFO Server environment:os.memory.free=489MB (org.apache.zookeeper.server.ZooKeeperServer)
[2025-09-03 01:08:16,822] INFO Server environment:os.memory.max=512MB (org.apache.zookeeper.server.ZooKeeperServer)
[2025-09-03 01:08:16,822] INFO Server environment:os.memory.total=512MB (org.apache.zookeeper.server.ZooKeeperServer)
[2025-09-03 01:08:16,830] INFO zookeeper.enableEagerACLCheck = false (org.apache.zookeeper.server.ZooKeeperServer)
[2025-09-03 01:08:16,830] INFO zookeeper.digest.enabled = true (org.apache.zookeeper.server.ZooKeeperServer)
[2025-09-03 01:08:16,830] INFO zookeeper.closeSessionTxn.enabled = true (org.apache.zookeeper.server.ZooKeeperServer)
[2025-09-03 01:08:16,830] INFO zookeeper.flushDelay = 0 ms (org.apache.zookeeper.server.ZooKeeperServer)
[2025-09-03 01:08:16,830] INFO zookeeper.maxWriteQueuePollTime = 0 ms (org.apache.zookeeper.server.ZooKeeperServer)
[2025-09-03 01:08:16,831] INFO zookeeper.maxBatchSize=1000 (org.apache.zookeeper.server.ZooKeeperServer)
[2025-09-03 01:08:16,831] INFO zookeeper.intBufferStartingSizeBytes = 1024 (org.apache.zookeeper.server.ZooKeeperServer)
[2025-09-03 01:08:16,832] INFO Weighed connection throttling is disabled (org.apache.zookeeper.server.BlueThrottle)
[2025-09-03 01:08:16,836] INFO minSessionTimeout set to 6000 ms (org.apache.zookeeper.server.ZooKeeperServer)
[2025-09-03 01:08:16,836] INFO maxSessionTimeout set to 60000 ms (org.apache.zookeeper.server.ZooKeeperServer)
[2025-09-03 01:08:16,841] INFO getData response cache size is initialized with value 400. (org.apache.zookeeper.server.ResponseCache)
[2025-09-03 01:08:16,841] INFO getChildren response cache size is initialized with value 400. (org.apache.zookeeper.server.ResponseCache)
[2025-09-03 01:08:16,842] INFO zookeeper.pathStats.slotCapacity = 60 (org.apache.zookeeper.server.util.RequestPathMetricsCollector)
[2025-09-03 01:08:16,842] INFO zookeeper.pathStats.slotDuration = 15 (org.apache.zookeeper.server.util.RequestPathMetricsCollector)
[2025-09-03 01:08:16,842] INFO zookeeper.pathStats.maxDepth = 6 (org.apache.zookeeper.server.util.RequestPathMetricsCollector)
[2025-09-03 01:08:16,842] INFO zookeeper.pathStats.initialDelay = 5 (org.apache.zookeeper.server.util.RequestPathMetricsCollector)
[2025-09-03 01:08:16,842] INFO zookeeper.pathStats.delay = 5 (org.apache.zookeeper.server.util.RequestPathMetricsCollector)
[2025-09-03 01:08:16,842] INFO zookeeper.pathStats.enabled = false (org.apache.zookeeper.server.util.RequestPathMetricsCollector)
[2025-09-03 01:08:16,851] INFO The max bytes for all large requests are set to 104857600 (org.apache.zookeeper.server.ZooKeeperServer)
[2025-09-03 01:08:16,851] INFO The large request threshold is set to -1 (org.apache.zookeeper.server.ZooKeeperServer)
[2025-09-03 01:08:16,851] INFO zookeeper.enforce.auth.enabled = false (org.apache.zookeeper.server.AuthenticationHelper)
[2025-09-03 01:08:16,851] INFO zookeeper.enforce.auth.schemes = [] (org.apache.zookeeper.server.AuthenticationHelper)
[2025-09-03 01:08:16,854] INFO Created server with tickTime 3000 ms minSessionTimeout 6000 ms maxSessionTimeout 60000 ms clientPortListenBacklog -1 datadir E:\kafka_2.13-3.9.1\config\zookeeper\version-2 snapdir E:\kafka_2.13-3.9.1\config\zookeeper\version-2 (org.apache.zookeeper.server.ZooKeeperServer)
[2025-09-03 01:08:16,870] INFO Using org.apache.zookeeper.server.NIOServerCnxnFactory as server connection factory (org.apache.zookeeper.server.ServerCnxnFactory)
[2025-09-03 01:08:16,870] WARN maxCnxns is not configured, using default value 0. (org.apache.zookeeper.server.ServerCnxnFactory)
[2025-09-03 01:08:16,876] INFO Configuring NIO connection handler with 10s sessionless connection timeout, 2 selector thread(s), 24 worker threads, and 64 kB direct buffers. (org.apache.zookeeper.server.NIOServerCnxnFactory)
[2025-09-03 01:08:17,001] INFO binding to port 0.0.0.0/0.0.0.0:2181 (org.apache.zookeeper.server.NIOServerCnxnFactory)
[2025-09-03 01:08:17,059] INFO Using org.apache.zookeeper.server.watch.WatchManager as watch manager (org.apache.zookeeper.server.watch.WatchManagerFactory)
[2025-09-03 01:08:17,060] INFO Using org.apache.zookeeper.server.watch.WatchManager as watch manager (org.apache.zookeeper.server.watch.WatchManagerFactory)
[2025-09-03 01:08:17,061] INFO zookeeper.snapshotSizeFactor = 0.33 (org.apache.zookeeper.server.ZKDatabase)
[2025-09-03 01:08:17,061] INFO zookeeper.commitLogCount=500 (org.apache.zookeeper.server.ZKDatabase)
[2025-09-03 01:08:17,075] INFO zookeeper.snapshot.compression.method = CHECKED (org.apache.zookeeper.server.persistence.SnapStream)
[2025-09-03 01:08:17,075] INFO Snapshotting: 0x0 to E:\kafka_2.13-3.9.1\config\zookeeper\version-2\snapshot.0 (org.apache.zookeeper.server.persistence.FileTxnSnapLog)
[2025-09-03 01:08:17,087] INFO Snapshot loaded in 25 ms, highest zxid is 0x0, digest is 1371985504 (org.apache.zookeeper.server.ZKDatabase)
[2025-09-03 01:08:17,088] INFO Snapshotting: 0x0 to E:\kafka_2.13-3.9.1\config\zookeeper\version-2\snapshot.0 (org.apache.zookeeper.server.persistence.FileTxnSnapLog)
[2025-09-03 01:08:17,092] INFO Snapshot taken in 2 ms (org.apache.zookeeper.server.ZooKeeperServer)
[2025-09-03 01:08:17,111] INFO PrepRequestProcessor (sid:0) started, reconfigEnabled=false (org.apache.zookeeper.server.PrepRequestProcessor)
[2025-09-03 01:08:17,112] INFO zookeeper.request_throttler.shutdownTimeout = 10000 ms (org.apache.zookeeper.server.RequestThrottler)
[2025-09-03 01:08:17,158] INFO Using checkIntervalMs=60000 maxPerMinute=10000 maxNeverUsedIntervalMs=0 (org.apache.zookeeper.server.ContainerManager)
[2025-09-03 01:08:17,160] INFO ZooKeeper audit is disabled. (org.apache.zookeeper.audit.ZKAuditProvider)
[2025-09-03 01:12:41,089] INFO Reading configuration from: .\config\server.properties (org.apache.zookeeper.server.quorum.QuorumPeerConfig)
[2025-09-03 01:12:41,098] ERROR Invalid config, exiting abnormally (org.apache.zookeeper.server.quorum.QuorumPeerMain)
org.apache.zookeeper.server.quorum.QuorumPeerConfig$ConfigException: Error processing .\config\server.properties
	at org.apache.zookeeper.server.quorum.QuorumPeerConfig.parse(QuorumPeerConfig.java:198)
	at org.apache.zookeeper.server.quorum.QuorumPeerMain.initializeAndRun(QuorumPeerMain.java:125)
	at org.apache.zookeeper.server.quorum.QuorumPeerMain.main(QuorumPeerMain.java:91)
Caused by: java.lang.IllegalArgumentException: dataDir is not set
	at org.apache.zookeeper.server.quorum.QuorumPeerConfig.parseProperties(QuorumPeerConfig.java:424)
	at org.apache.zookeeper.server.quorum.QuorumPeerConfig.parse(QuorumPeerConfig.java:194)
	... 2 more
[2025-09-03 01:12:41,113] INFO ZooKeeper audit is disabled. (org.apache.zookeeper.audit.ZKAuditProvider)
[2025-09-03 01:12:41,119] ERROR Exiting JVM with code 2 (org.apache.zookeeper.util.ServiceUtils)
[2025-09-03 01:13:24,922] INFO Creating new log file: log.1 (org.apache.zookeeper.server.persistence.FileTxnLog)
[2025-09-03 01:14:32,790] WARN Close of session 0x10020f94b400000 (org.apache.zookeeper.server.NIOServerCnxn)
java.net.SocketException: Connection reset
	at java.base/sun.nio.ch.SocketChannelImpl.throwConnectionReset(SocketChannelImpl.java:403)
	at java.base/sun.nio.ch.SocketChannelImpl.implRead(SocketChannelImpl.java:435)
	at java.base/sun.nio.ch.SocketChannelImpl.read(SocketChannelImpl.java:493)
	at org.apache.zookeeper.server.NIOServerCnxn.doIO(NIOServerCnxn.java:334)
	at org.apache.zookeeper.server.NIOServerCnxnFactory$IOWorkRequest.doWork(NIOServerCnxnFactory.java:508)
	at org.apache.zookeeper.server.WorkerService$ScheduledWorkRequest.run(WorkerService.java:153)
	at java.base/java.util.concurrent.ThreadPoolExecutor.runWorker(ThreadPoolExecutor.java:1144)
	at java.base/java.util.concurrent.ThreadPoolExecutor$Worker.run(ThreadPoolExecutor.java:642)
	at java.base/java.lang.Thread.run(Thread.java:1575)
[2025-09-03 01:14:56,456] INFO Expiring session 0x10020f94b400000, timeout of 30000ms exceeded (org.apache.zookeeper.server.ZooKeeperServer)
[2025-09-03 01:20:38,031] INFO Reading configuration from: .\config\zookeeper.properties (org.apache.zookeeper.server.quorum.QuorumPeerConfig)
[2025-09-03 01:20:38,064] INFO clientPortAddress is 0.0.0.0:2181 (org.apache.zookeeper.server.quorum.QuorumPeerConfig)
[2025-09-03 01:20:38,064] INFO secureClientPort is not set (org.apache.zookeeper.server.quorum.QuorumPeerConfig)
[2025-09-03 01:20:38,064] INFO observerMasterPort is not set (org.apache.zookeeper.server.quorum.QuorumPeerConfig)
[2025-09-03 01:20:38,064] INFO metricsProvider.className is org.apache.zookeeper.metrics.impl.DefaultMetricsProvider (org.apache.zookeeper.server.quorum.QuorumPeerConfig)
[2025-09-03 01:20:38,068] INFO autopurge.snapRetainCount set to 3 (org.apache.zookeeper.server.DatadirCleanupManager)
[2025-09-03 01:20:38,068] INFO autopurge.purgeInterval set to 0 (org.apache.zookeeper.server.DatadirCleanupManager)
[2025-09-03 01:20:38,068] INFO Purge task is not scheduled. (org.apache.zookeeper.server.DatadirCleanupManager)
[2025-09-03 01:20:38,068] WARN Either no config or no quorum defined in config, running in standalone mode (org.apache.zookeeper.server.quorum.QuorumPeerMain)
[2025-09-03 01:20:38,068] INFO Log4j 1.2 jmx support not found; jmx disabled. (org.apache.zookeeper.jmx.ManagedUtil)
[2025-09-03 01:20:38,068] INFO Reading configuration from: .\config\zookeeper.properties (org.apache.zookeeper.server.quorum.QuorumPeerConfig)
[2025-09-03 01:20:38,068] INFO clientPortAddress is 0.0.0.0:2181 (org.apache.zookeeper.server.quorum.QuorumPeerConfig)
[2025-09-03 01:20:38,068] INFO secureClientPort is not set (org.apache.zookeeper.server.quorum.QuorumPeerConfig)
[2025-09-03 01:20:38,077] INFO observerMasterPort is not set (org.apache.zookeeper.server.quorum.QuorumPeerConfig)
[2025-09-03 01:20:38,077] INFO metricsProvider.className is org.apache.zookeeper.metrics.impl.DefaultMetricsProvider (org.apache.zookeeper.server.quorum.QuorumPeerConfig)
[2025-09-03 01:20:38,077] INFO Starting server (org.apache.zookeeper.server.ZooKeeperServerMain)
[2025-09-03 01:20:38,106] INFO ServerMetrics initialized with provider org.apache.zookeeper.metrics.impl.DefaultMetricsProvider@31d7b7bf (org.apache.zookeeper.server.ServerMetrics)
[2025-09-03 01:20:38,108] INFO ACL digest algorithm is: SHA1 (org.apache.zookeeper.server.auth.DigestAuthenticationProvider)
[2025-09-03 01:20:38,108] INFO zookeeper.DigestAuthenticationProvider.enabled = true (org.apache.zookeeper.server.auth.DigestAuthenticationProvider)
[2025-09-03 01:20:38,116] INFO zookeeper.snapshot.trust.empty : false (org.apache.zookeeper.server.persistence.FileTxnSnapLog)
[2025-09-03 01:20:38,137] INFO  (org.apache.zookeeper.server.ZooKeeperServer)
[2025-09-03 01:20:38,140] INFO   ______                  _                                           (org.apache.zookeeper.server.ZooKeeperServer)
[2025-09-03 01:20:38,140] INFO  |___  /                 | |                                          (org.apache.zookeeper.server.ZooKeeperServer)
[2025-09-03 01:20:38,140] INFO     / /    ___     ___   | | __   ___    ___   _ __     ___   _ __    (org.apache.zookeeper.server.ZooKeeperServer)
[2025-09-03 01:20:38,140] INFO    / /    / _ \   / _ \  | |/ /  / _ \  / _ \ | '_ \   / _ \ | '__| (org.apache.zookeeper.server.ZooKeeperServer)
[2025-09-03 01:20:38,140] INFO   / /__  | (_) | | (_) | |   <  |  __/ |  __/ | |_) | |  __/ | |     (org.apache.zookeeper.server.ZooKeeperServer)
[2025-09-03 01:20:38,140] INFO  /_____|  \___/   \___/  |_|\_\  \___|  \___| | .__/   \___| |_| (org.apache.zookeeper.server.ZooKeeperServer)
[2025-09-03 01:20:38,140] INFO                                               | |                      (org.apache.zookeeper.server.ZooKeeperServer)
[2025-09-03 01:20:38,140] INFO                                               |_|                      (org.apache.zookeeper.server.ZooKeeperServer)
[2025-09-03 01:20:38,140] INFO  (org.apache.zookeeper.server.ZooKeeperServer)
[2025-09-03 01:20:38,146] INFO Server environment:zookeeper.version=3.8.4-9316c2a7a97e1666d8f4593f34dd6fc36ecc436c, built on 2024-02-12 22:16 UTC (org.apache.zookeeper.server.ZooKeeperServer)
[2025-09-03 01:20:38,146] INFO Server environment:host.name=OMPRAKASH (org.apache.zookeeper.server.ZooKeeperServer)
[2025-09-03 01:20:38,146] INFO Server environment:java.version=23 (org.apache.zookeeper.server.ZooKeeperServer)
[2025-09-03 01:20:38,146] INFO Server environment:java.vendor=Oracle Corporation (org.apache.zookeeper.server.ZooKeeperServer)
[2025-09-03 01:20:38,146] INFO Server environment:java.home=C:\Program Files\Java\jdk-23 (org.apache.zookeeper.server.ZooKeeperServer)
[2025-09-03 01:20:38,146] INFO Server environment:java.class.path=E:\kafka_2.13-3.9.1\libs\activation-1.1.1.jar;E:\kafka_2.13-3.9.1\libs\aopalliance-repackaged-2.6.1.jar;E:\kafka_2.13-3.9.1\libs\argparse4j-0.7.0.jar;E:\kafka_2.13-3.9.1\libs\audience-annotations-0.12.0.jar;E:\kafka_2.13-3.9.1\libs\caffeine-2.9.3.jar;E:\kafka_2.13-3.9.1\libs\commons-beanutils-1.9.4.jar;E:\kafka_2.13-3.9.1\libs\commons-cli-1.4.jar;E:\kafka_2.13-3.9.1\libs\commons-collections-3.2.2.jar;E:\kafka_2.13-3.9.1\libs\commons-digester-2.1.jar;E:\kafka_2.13-3.9.1\libs\commons-io-2.14.0.jar;E:\kafka_2.13-3.9.1\libs\commons-lang3-3.12.0.jar;E:\kafka_2.13-3.9.1\libs\commons-logging-1.2.jar;E:\kafka_2.13-3.9.1\libs\commons-validator-1.7.jar;E:\kafka_2.13-3.9.1\libs\connect-api-3.9.1.jar;E:\kafka_2.13-3.9.1\libs\connect-basic-auth-extension-3.9.1.jar;E:\kafka_2.13-3.9.1\libs\connect-file-3.9.1.jar;E:\kafka_2.13-3.9.1\libs\connect-json-3.9.1.jar;E:\kafka_2.13-3.9.1\libs\connect-mirror-3.9.1.jar;E:\kafka_2.13-3.9.1\libs\connect-mirror-client-3.9.1.jar;E:\kafka_2.13-3.9.1\libs\connect-runtime-3.9.1.jar;E:\kafka_2.13-3.9.1\libs\connect-transforms-3.9.1.jar;E:\kafka_2.13-3.9.1\libs\error_prone_annotations-2.10.0.jar;E:\kafka_2.13-3.9.1\libs\hk2-api-2.6.1.jar;E:\kafka_2.13-3.9.1\libs\hk2-locator-2.6.1.jar;E:\kafka_2.13-3.9.1\libs\hk2-utils-2.6.1.jar;E:\kafka_2.13-3.9.1\libs\jackson-annotations-2.16.2.jar;E:\kafka_2.13-3.9.1\libs\jackson-core-2.16.2.jar;E:\kafka_2.13-3.9.1\libs\jackson-databind-2.16.2.jar;E:\kafka_2.13-3.9.1\libs\jackson-dataformat-csv-2.16.2.jar;E:\kafka_2.13-3.9.1\libs\jackson-datatype-jdk8-2.16.2.jar;E:\kafka_2.13-3.9.1\libs\jackson-jaxrs-base-2.16.2.jar;E:\kafka_2.13-3.9.1\libs\jackson-jaxrs-json-provider-2.16.2.jar;E:\kafka_2.13-3.9.1\libs\jackson-module-afterburner-2.16.2.jar;E:\kafka_2.13-3.9.1\libs\jackson-module-jaxb-annotations-2.16.2.jar;E:\kafka_2.13-3.9.1\libs\jackson-module-scala_2.13-2.16.2.jar;E:\kafka_2.13-3.9.1\libs\jakarta.activation-api-1.2.2.jar;E:\kafka_2.13-3.9.1\libs\jakarta.annotation-api-1.3.5.jar;E:\kafka_2.13-3.9.1\libs\jakarta.inject-2.6.1.jar;E:\kafka_2.13-3.9.1\libs\jakarta.validation-api-2.0.2.jar;E:\kafka_2.13-3.9.1\libs\jakarta.ws.rs-api-2.1.6.jar;E:\kafka_2.13-3.9.1\libs\jakarta.xml.bind-api-2.3.3.jar;E:\kafka_2.13-3.9.1\libs\javassist-3.29.2-GA.jar;E:\kafka_2.13-3.9.1\libs\javax.activation-api-1.2.0.jar;E:\kafka_2.13-3.9.1\libs\javax.annotation-api-1.3.2.jar;E:\kafka_2.13-3.9.1\libs\javax.servlet-api-3.1.0.jar;E:\kafka_2.13-3.9.1\libs\javax.ws.rs-api-2.1.1.jar;E:\kafka_2.13-3.9.1\libs\jaxb-api-2.3.1.jar;E:\kafka_2.13-3.9.1\libs\jersey-client-2.39.1.jar;E:\kafka_2.13-3.9.1\libs\jersey-common-2.39.1.jar;E:\kafka_2.13-3.9.1\libs\jersey-container-servlet-2.39.1.jar;E:\kafka_2.13-3.9.1\libs\jersey-container-servlet-core-2.39.1.jar;E:\kafka_2.13-3.9.1\libs\jersey-hk2-2.39.1.jar;E:\kafka_2.13-3.9.1\libs\jersey-server-2.39.1.jar;E:\kafka_2.13-3.9.1\libs\jetty-client-9.4.57.v20241219.jar;E:\kafka_2.13-3.9.1\libs\jetty-continuation-9.4.57.v20241219.jar;E:\kafka_2.13-3.9.1\libs\jetty-http-9.4.57.v20241219.jar;E:\kafka_2.13-3.9.1\libs\jetty-io-9.4.57.v20241219.jar;E:\kafka_2.13-3.9.1\libs\jetty-security-9.4.57.v20241219.jar;E:\kafka_2.13-3.9.1\libs\jetty-server-9.4.57.v20241219.jar;E:\kafka_2.13-3.9.1\libs\jetty-servlet-9.4.57.v20241219.jar;E:\kafka_2.13-3.9.1\libs\jetty-servlets-9.4.57.v20241219.jar;E:\kafka_2.13-3.9.1\libs\jetty-util-9.4.57.v20241219.jar;E:\kafka_2.13-3.9.1\libs\jetty-util-ajax-9.4.57.v20241219.jar;E:\kafka_2.13-3.9.1\libs\jline-3.25.1.jar;E:\kafka_2.13-3.9.1\libs\jopt-simple-5.0.4.jar;E:\kafka_2.13-3.9.1\libs\jose4j-0.9.4.jar;E:\kafka_2.13-3.9.1\libs\jsr305-3.0.2.jar;E:\kafka_2.13-3.9.1\libs\kafka-clients-3.9.1.jar;E:\kafka_2.13-3.9.1\libs\kafka-group-coordinator-3.9.1.jar;E:\kafka_2.13-3.9.1\libs\kafka-group-coordinator-api-3.9.1.jar;E:\kafka_2.13-3.9.1\libs\kafka-metadata-3.9.1.jar;E:\kafka_2.13-3.9.1\libs\kafka-raft-3.9.1.jar;E:\kafka_2.13-3.9.1\libs\kafka-server-3.9.1.jar;E:\kafka_2.13-3.9.1\libs\kafka-server-common-3.9.1.jar;E:\kafka_2.13-3.9.1\libs\kafka-shell-3.9.1.jar;E:\kafka_2.13-3.9.1\libs\kafka-storage-3.9.1.jar;E:\kafka_2.13-3.9.1\libs\kafka-storage-api-3.9.1.jar;E:\kafka_2.13-3.9.1\libs\kafka-streams-3.9.1.jar;E:\kafka_2.13-3.9.1\libs\kafka-streams-examples-3.9.1.jar;E:\kafka_2.13-3.9.1\libs\kafka-streams-scala_2.13-3.9.1.jar;E:\kafka_2.13-3.9.1\libs\kafka-streams-test-utils-3.9.1.jar;E:\kafka_2.13-3.9.1\libs\kafka-tools-3.9.1.jar;E:\kafka_2.13-3.9.1\libs\kafka-tools-api-3.9.1.jar;E:\kafka_2.13-3.9.1\libs\kafka-transaction-coordinator-3.9.1.jar;E:\kafka_2.13-3.9.1\libs\kafka_2.13-3.9.1.jar;E:\kafka_2.13-3.9.1\libs\lz4-java-1.8.0.jar;E:\kafka_2.13-3.9.1\libs\maven-artifact-3.9.6.jar;E:\kafka_2.13-3.9.1\libs\metrics-core-2.2.0.jar;E:\kafka_2.13-3.9.1\libs\metrics-core-4.1.12.1.jar;E:\kafka_2.13-3.9.1\libs\netty-buffer-4.1.119.Final.jar;E:\kafka_2.13-3.9.1\libs\netty-codec-4.1.119.Final.jar;E:\kafka_2.13-3.9.1\libs\netty-common-4.1.119.Final.jar;E:\kafka_2.13-3.9.1\libs\netty-handler-4.1.119.Final.jar;E:\kafka_2.13-3.9.1\libs\netty-resolver-4.1.119.Final.jar;E:\kafka_2.13-3.9.1\libs\netty-transport-4.1.119.Final.jar;E:\kafka_2.13-3.9.1\libs\netty-transport-classes-epoll-4.1.119.Final.jar;E:\kafka_2.13-3.9.1\libs\netty-transport-native-epoll-4.1.119.Final.jar;E:\kafka_2.13-3.9.1\libs\netty-transport-native-unix-common-4.1.119.Final.jar;E:\kafka_2.13-3.9.1\libs\opentelemetry-proto-1.0.0-alpha.jar;E:\kafka_2.13-3.9.1\libs\osgi-resource-locator-1.0.3.jar;E:\kafka_2.13-3.9.1\libs\paranamer-2.8.jar;E:\kafka_2.13-3.9.1\libs\pcollections-4.0.1.jar;E:\kafka_2.13-3.9.1\libs\plexus-utils-3.5.1.jar;E:\kafka_2.13-3.9.1\libs\protobuf-java-3.25.5.jar;E:\kafka_2.13-3.9.1\libs\reflections-0.10.2.jar;E:\kafka_2.13-3.9.1\libs\reload4j-1.2.25.jar;E:\kafka_2.13-3.9.1\libs\rocksdbjni-7.9.2.jar;E:\kafka_2.13-3.9.1\libs\scala-collection-compat_2.13-2.10.0.jar;E:\kafka_2.13-3.9.1\libs\scala-java8-compat_2.13-1.0.2.jar;E:\kafka_2.13-3.9.1\libs\scala-library-2.13.15.jar;E:\kafka_2.13-3.9.1\libs\scala-logging_2.13-3.9.5.jar;E:\kafka_2.13-3.9.1\libs\scala-reflect-2.13.15.jar;E:\kafka_2.13-3.9.1\libs\slf4j-api-1.7.36.jar;E:\kafka_2.13-3.9.1\libs\slf4j-reload4j-1.7.36.jar;E:\kafka_2.13-3.9.1\libs\snappy-java-1.1.10.5.jar;E:\kafka_2.13-3.9.1\libs\swagger-annotations-2.2.8.jar;E:\kafka_2.13-3.9.1\libs\trogdor-3.9.1.jar;E:\kafka_2.13-3.9.1\libs\zookeeper-3.8.4.jar;E:\kafka_2.13-3.9.1\libs\zookeeper-jute-3.8.4.jar;E:\kafka_2.13-3.9.1\libs\zstd-jni-1.5.6-4.jar (org.apache.zookeeper.server.ZooKeeperServer)
[2025-09-03 01:20:38,152] INFO Server environment:java.library.path=C:\Program Files\Java\jdk-23\bin;C:\WINDOWS\Sun\Java\bin;C:\WINDOWS\system32;C:\WINDOWS;C:\Program Files\Common Files\Oracle\Java\javapath;C:\windows\system32;C:\windows;C:\windows\System32\Wbem;C:\windows\System32\WindowsPowerShell\v1.0\;C:\windows\System32\OpenSSH\;C:\Program Files\HP\HP One Agent;C:\Program Files\Java\jdk-23\bin;C:\Program Files\Python313;C:\Program Files\Python313\Scripts;C:\WINDOWS\system32;C:\WINDOWS;C:\WINDOWS\System32\Wbem;C:\WINDOWS\System32\WindowsPowerShell\v1.0\;C:\WINDOWS\System32\OpenSSH\;C:\Program Files\nodejs\;C:\Program Files\MySQL\MySQL Server 8.0\bin;C:\Program Files\Git\cmd;C:\Program Files\Docker\Docker\resources\bin;C:\Users\ompra\AppData\Local\Programs\Python\Python311\Scripts\;C:\Users\ompra\AppData\Local\Programs\Python\Python311\;C:\Users\ompra\AppData\Local\Microsoft\WindowsApps;C:\Program Files\Python313;C:\Program Files\Python313\Scripts;C:\Users\ompra\AppData\Local\Programs\Microsoft VS Code\bin;C:\Users\ompra\AppData\Roaming\npm;. (org.apache.zookeeper.server.ZooKeeperServer)
[2025-09-03 01:20:38,152] INFO Server environment:java.io.tmpdir=C:\Users\ompra\AppData\Local\Temp\ (org.apache.zookeeper.server.ZooKeeperServer)
[2025-09-03 01:20:38,152] INFO Server environment:java.compiler=<NA> (org.apache.zookeeper.server.ZooKeeperServer)
[2025-09-03 01:20:38,152] INFO Server environment:os.name=Windows 11 (org.apache.zookeeper.server.ZooKeeperServer)
[2025-09-03 01:20:38,152] INFO Server environment:os.arch=amd64 (org.apache.zookeeper.server.ZooKeeperServer)
[2025-09-03 01:20:38,152] INFO Server environment:os.version=10.0 (org.apache.zookeeper.server.ZooKeeperServer)
[2025-09-03 01:20:38,152] INFO Server environment:user.name=ompra (org.apache.zookeeper.server.ZooKeeperServer)
[2025-09-03 01:20:38,152] INFO Server environment:user.home=C:\Users\ompra (org.apache.zookeeper.server.ZooKeeperServer)
[2025-09-03 01:20:38,152] INFO Server environment:user.dir=E:\kafka_2.13-3.9.1 (org.apache.zookeeper.server.ZooKeeperServer)
[2025-09-03 01:20:38,152] INFO Server environment:os.memory.free=489MB (org.apache.zookeeper.server.ZooKeeperServer)
[2025-09-03 01:20:38,152] INFO Server environment:os.memory.max=512MB (org.apache.zookeeper.server.ZooKeeperServer)
[2025-09-03 01:20:38,152] INFO Server environment:os.memory.total=512MB (org.apache.zookeeper.server.ZooKeeperServer)
[2025-09-03 01:20:38,156] INFO zookeeper.enableEagerACLCheck = false (org.apache.zookeeper.server.ZooKeeperServer)
[2025-09-03 01:20:38,156] INFO zookeeper.digest.enabled = true (org.apache.zookeeper.server.ZooKeeperServer)
[2025-09-03 01:20:38,156] INFO zookeeper.closeSessionTxn.enabled = true (org.apache.zookeeper.server.ZooKeeperServer)
[2025-09-03 01:20:38,156] INFO zookeeper.flushDelay = 0 ms (org.apache.zookeeper.server.ZooKeeperServer)
[2025-09-03 01:20:38,157] INFO zookeeper.maxWriteQueuePollTime = 0 ms (org.apache.zookeeper.server.ZooKeeperServer)
[2025-09-03 01:20:38,157] INFO zookeeper.maxBatchSize=1000 (org.apache.zookeeper.server.ZooKeeperServer)
[2025-09-03 01:20:38,157] INFO zookeeper.intBufferStartingSizeBytes = 1024 (org.apache.zookeeper.server.ZooKeeperServer)
[2025-09-03 01:20:38,157] INFO Weighed connection throttling is disabled (org.apache.zookeeper.server.BlueThrottle)
[2025-09-03 01:20:38,162] INFO minSessionTimeout set to 6000 ms (org.apache.zookeeper.server.ZooKeeperServer)
[2025-09-03 01:20:38,162] INFO maxSessionTimeout set to 60000 ms (org.apache.zookeeper.server.ZooKeeperServer)
[2025-09-03 01:20:38,167] INFO getData response cache size is initialized with value 400. (org.apache.zookeeper.server.ResponseCache)
[2025-09-03 01:20:38,167] INFO getChildren response cache size is initialized with value 400. (org.apache.zookeeper.server.ResponseCache)
[2025-09-03 01:20:38,168] INFO zookeeper.pathStats.slotCapacity = 60 (org.apache.zookeeper.server.util.RequestPathMetricsCollector)
[2025-09-03 01:20:38,168] INFO zookeeper.pathStats.slotDuration = 15 (org.apache.zookeeper.server.util.RequestPathMetricsCollector)
[2025-09-03 01:20:38,168] INFO zookeeper.pathStats.maxDepth = 6 (org.apache.zookeeper.server.util.RequestPathMetricsCollector)
[2025-09-03 01:20:38,168] INFO zookeeper.pathStats.initialDelay = 5 (org.apache.zookeeper.server.util.RequestPathMetricsCollector)
[2025-09-03 01:20:38,168] INFO zookeeper.pathStats.delay = 5 (org.apache.zookeeper.server.util.RequestPathMetricsCollector)
[2025-09-03 01:20:38,168] INFO zookeeper.pathStats.enabled = false (org.apache.zookeeper.server.util.RequestPathMetricsCollector)
[2025-09-03 01:20:38,175] INFO The max bytes for all large requests are set to 104857600 (org.apache.zookeeper.server.ZooKeeperServer)
[2025-09-03 01:20:38,175] INFO The large request threshold is set to -1 (org.apache.zookeeper.server.ZooKeeperServer)
[2025-09-03 01:20:38,175] INFO zookeeper.enforce.auth.enabled = false (org.apache.zookeeper.server.AuthenticationHelper)
[2025-09-03 01:20:38,175] INFO zookeeper.enforce.auth.schemes = [] (org.apache.zookeeper.server.AuthenticationHelper)
[2025-09-03 01:20:38,175] INFO Created server with tickTime 3000 ms minSessionTimeout 6000 ms maxSessionTimeout 60000 ms clientPortListenBacklog -1 datadir E:\kafka_2.13-3.9.1\config\zookeeper\version-2 snapdir E:\kafka_2.13-3.9.1\config\zookeeper\version-2 (org.apache.zookeeper.server.ZooKeeperServer)
[2025-09-03 01:20:38,189] INFO Using org.apache.zookeeper.server.NIOServerCnxnFactory as server connection factory (org.apache.zookeeper.server.ServerCnxnFactory)
[2025-09-03 01:20:38,192] WARN maxCnxns is not configured, using default value 0. (org.apache.zookeeper.server.ServerCnxnFactory)
[2025-09-03 01:20:38,194] INFO Configuring NIO connection handler with 10s sessionless connection timeout, 2 selector thread(s), 24 worker threads, and 64 kB direct buffers. (org.apache.zookeeper.server.NIOServerCnxnFactory)
[2025-09-03 01:20:38,297] INFO binding to port 0.0.0.0/0.0.0.0:2181 (org.apache.zookeeper.server.NIOServerCnxnFactory)
[2025-09-03 01:20:38,342] INFO Using org.apache.zookeeper.server.watch.WatchManager as watch manager (org.apache.zookeeper.server.watch.WatchManagerFactory)
[2025-09-03 01:20:38,343] INFO Using org.apache.zookeeper.server.watch.WatchManager as watch manager (org.apache.zookeeper.server.watch.WatchManagerFactory)
[2025-09-03 01:20:38,343] INFO zookeeper.snapshotSizeFactor = 0.33 (org.apache.zookeeper.server.ZKDatabase)
[2025-09-03 01:20:38,344] INFO zookeeper.commitLogCount=500 (org.apache.zookeeper.server.ZKDatabase)
[2025-09-03 01:20:38,354] INFO zookeeper.snapshot.compression.method = CHECKED (org.apache.zookeeper.server.persistence.SnapStream)
[2025-09-03 01:20:38,368] INFO Reading snapshot E:\kafka_2.13-3.9.1\config\zookeeper\version-2\snapshot.0 (org.apache.zookeeper.server.persistence.FileSnap)
[2025-09-03 01:20:38,377] INFO The digest value is empty in snapshot (org.apache.zookeeper.server.DataTree)
[2025-09-03 01:20:38,408] INFO 2 txns loaded in 7 ms (org.apache.zookeeper.server.persistence.FileTxnSnapLog)
[2025-09-03 01:20:38,409] INFO Snapshot loaded in 64 ms, highest zxid is 0x2, digest is 1371985504 (org.apache.zookeeper.server.ZKDatabase)
[2025-09-03 01:20:38,411] INFO Snapshotting: 0x2 to E:\kafka_2.13-3.9.1\config\zookeeper\version-2\snapshot.2 (org.apache.zookeeper.server.persistence.FileTxnSnapLog)
[2025-09-03 01:20:38,414] INFO Snapshot taken in 3 ms (org.apache.zookeeper.server.ZooKeeperServer)
[2025-09-03 01:20:38,435] INFO PrepRequestProcessor (sid:0) started, reconfigEnabled=false (org.apache.zookeeper.server.PrepRequestProcessor)
[2025-09-03 01:20:38,436] INFO zookeeper.request_throttler.shutdownTimeout = 10000 ms (org.apache.zookeeper.server.RequestThrottler)
[2025-09-03 01:20:38,478] INFO Using checkIntervalMs=60000 maxPerMinute=10000 maxNeverUsedIntervalMs=0 (org.apache.zookeeper.server.ContainerManager)
[2025-09-03 01:20:38,480] INFO ZooKeeper audit is disabled. (org.apache.zookeeper.audit.ZKAuditProvider)
[2025-09-03 01:22:49,557] INFO Reading configuration from: .\config\server.properties (org.apache.zookeeper.server.quorum.QuorumPeerConfig)
[2025-09-03 01:22:49,595] ERROR Invalid config, exiting abnormally (org.apache.zookeeper.server.quorum.QuorumPeerMain)
org.apache.zookeeper.server.quorum.QuorumPeerConfig$ConfigException: Error processing .\config\server.properties
	at org.apache.zookeeper.server.quorum.QuorumPeerConfig.parse(QuorumPeerConfig.java:198)
	at org.apache.zookeeper.server.quorum.QuorumPeerMain.initializeAndRun(QuorumPeerMain.java:125)
	at org.apache.zookeeper.server.quorum.QuorumPeerMain.main(QuorumPeerMain.java:91)
Caused by: java.lang.IllegalArgumentException: dataDir is not set
	at org.apache.zookeeper.server.quorum.QuorumPeerConfig.parseProperties(QuorumPeerConfig.java:424)
	at org.apache.zookeeper.server.quorum.QuorumPeerConfig.parse(QuorumPeerConfig.java:194)
	... 2 more
[2025-09-03 01:22:49,603] INFO ZooKeeper audit is disabled. (org.apache.zookeeper.audit.ZKAuditProvider)
[2025-09-03 01:22:49,610] ERROR Exiting JVM with code 2 (org.apache.zookeeper.util.ServiceUtils)
[2025-09-03 01:26:14,519] INFO Registered kafka:type=kafka.Log4jController MBean (kafka.utils.Log4jControllerRegistration$)
[2025-09-03 01:26:15,051] INFO Setting -D jdk.tls.rejectClientInitiatedRenegotiation=true to disable client-initiated TLS renegotiation (org.apache.zookeeper.common.X509Util)
[2025-09-03 01:26:15,273] INFO starting (kafka.server.KafkaServer)
[2025-09-03 01:26:15,275] INFO Connecting to zookeeper on localhost:2181 (kafka.server.KafkaServer)
[2025-09-03 01:26:15,335] INFO [ZooKeeperClient Kafka server] Initializing a new session to localhost:2181. (kafka.zookeeper.ZooKeeperClient)
[2025-09-03 01:26:15,347] INFO Client environment:zookeeper.version=3.8.4-9316c2a7a97e1666d8f4593f34dd6fc36ecc436c, built on 2024-02-12 22:16 UTC (org.apache.zookeeper.ZooKeeper)
[2025-09-03 01:26:15,349] INFO Client environment:host.name=OMPRAKASH (org.apache.zookeeper.ZooKeeper)
[2025-09-03 01:26:15,349] INFO Client environment:java.version=23 (org.apache.zookeeper.ZooKeeper)
[2025-09-03 01:26:15,349] INFO Client environment:java.vendor=Oracle Corporation (org.apache.zookeeper.ZooKeeper)
[2025-09-03 01:26:15,350] INFO Client environment:java.home=C:\Program Files\Java\jdk-23 (org.apache.zookeeper.ZooKeeper)
[2025-09-03 01:26:15,350] INFO Client environment:java.class.path=E:\kafka_2.13-3.9.1\libs\activation-1.1.1.jar;E:\kafka_2.13-3.9.1\libs\aopalliance-repackaged-2.6.1.jar;E:\kafka_2.13-3.9.1\libs\argparse4j-0.7.0.jar;E:\kafka_2.13-3.9.1\libs\audience-annotations-0.12.0.jar;E:\kafka_2.13-3.9.1\libs\caffeine-2.9.3.jar;E:\kafka_2.13-3.9.1\libs\commons-beanutils-1.9.4.jar;E:\kafka_2.13-3.9.1\libs\commons-cli-1.4.jar;E:\kafka_2.13-3.9.1\libs\commons-collections-3.2.2.jar;E:\kafka_2.13-3.9.1\libs\commons-digester-2.1.jar;E:\kafka_2.13-3.9.1\libs\commons-io-2.14.0.jar;E:\kafka_2.13-3.9.1\libs\commons-lang3-3.12.0.jar;E:\kafka_2.13-3.9.1\libs\commons-logging-1.2.jar;E:\kafka_2.13-3.9.1\libs\commons-validator-1.7.jar;E:\kafka_2.13-3.9.1\libs\connect-api-3.9.1.jar;E:\kafka_2.13-3.9.1\libs\connect-basic-auth-extension-3.9.1.jar;E:\kafka_2.13-3.9.1\libs\connect-file-3.9.1.jar;E:\kafka_2.13-3.9.1\libs\connect-json-3.9.1.jar;E:\kafka_2.13-3.9.1\libs\connect-mirror-3.9.1.jar;E:\kafka_2.13-3.9.1\libs\connect-mirror-client-3.9.1.jar;E:\kafka_2.13-3.9.1\libs\connect-runtime-3.9.1.jar;E:\kafka_2.13-3.9.1\libs\connect-transforms-3.9.1.jar;E:\kafka_2.13-3.9.1\libs\error_prone_annotations-2.10.0.jar;E:\kafka_2.13-3.9.1\libs\hk2-api-2.6.1.jar;E:\kafka_2.13-3.9.1\libs\hk2-locator-2.6.1.jar;E:\kafka_2.13-3.9.1\libs\hk2-utils-2.6.1.jar;E:\kafka_2.13-3.9.1\libs\jackson-annotations-2.16.2.jar;E:\kafka_2.13-3.9.1\libs\jackson-core-2.16.2.jar;E:\kafka_2.13-3.9.1\libs\jackson-databind-2.16.2.jar;E:\kafka_2.13-3.9.1\libs\jackson-dataformat-csv-2.16.2.jar;E:\kafka_2.13-3.9.1\libs\jackson-datatype-jdk8-2.16.2.jar;E:\kafka_2.13-3.9.1\libs\jackson-jaxrs-base-2.16.2.jar;E:\kafka_2.13-3.9.1\libs\jackson-jaxrs-json-provider-2.16.2.jar;E:\kafka_2.13-3.9.1\libs\jackson-module-afterburner-2.16.2.jar;E:\kafka_2.13-3.9.1\libs\jackson-module-jaxb-annotations-2.16.2.jar;E:\kafka_2.13-3.9.1\libs\jackson-module-scala_2.13-2.16.2.jar;E:\kafka_2.13-3.9.1\libs\jakarta.activation-api-1.2.2.jar;E:\kafka_2.13-3.9.1\libs\jakarta.annotation-api-1.3.5.jar;E:\kafka_2.13-3.9.1\libs\jakarta.inject-2.6.1.jar;E:\kafka_2.13-3.9.1\libs\jakarta.validation-api-2.0.2.jar;E:\kafka_2.13-3.9.1\libs\jakarta.ws.rs-api-2.1.6.jar;E:\kafka_2.13-3.9.1\libs\jakarta.xml.bind-api-2.3.3.jar;E:\kafka_2.13-3.9.1\libs\javassist-3.29.2-GA.jar;E:\kafka_2.13-3.9.1\libs\javax.activation-api-1.2.0.jar;E:\kafka_2.13-3.9.1\libs\javax.annotation-api-1.3.2.jar;E:\kafka_2.13-3.9.1\libs\javax.servlet-api-3.1.0.jar;E:\kafka_2.13-3.9.1\libs\javax.ws.rs-api-2.1.1.jar;E:\kafka_2.13-3.9.1\libs\jaxb-api-2.3.1.jar;E:\kafka_2.13-3.9.1\libs\jersey-client-2.39.1.jar;E:\kafka_2.13-3.9.1\libs\jersey-common-2.39.1.jar;E:\kafka_2.13-3.9.1\libs\jersey-container-servlet-2.39.1.jar;E:\kafka_2.13-3.9.1\libs\jersey-container-servlet-core-2.39.1.jar;E:\kafka_2.13-3.9.1\libs\jersey-hk2-2.39.1.jar;E:\kafka_2.13-3.9.1\libs\jersey-server-2.39.1.jar;E:\kafka_2.13-3.9.1\libs\jetty-client-9.4.57.v20241219.jar;E:\kafka_2.13-3.9.1\libs\jetty-continuation-9.4.57.v20241219.jar;E:\kafka_2.13-3.9.1\libs\jetty-http-9.4.57.v20241219.jar;E:\kafka_2.13-3.9.1\libs\jetty-io-9.4.57.v20241219.jar;E:\kafka_2.13-3.9.1\libs\jetty-security-9.4.57.v20241219.jar;E:\kafka_2.13-3.9.1\libs\jetty-server-9.4.57.v20241219.jar;E:\kafka_2.13-3.9.1\libs\jetty-servlet-9.4.57.v20241219.jar;E:\kafka_2.13-3.9.1\libs\jetty-servlets-9.4.57.v20241219.jar;E:\kafka_2.13-3.9.1\libs\jetty-util-9.4.57.v20241219.jar;E:\kafka_2.13-3.9.1\libs\jetty-util-ajax-9.4.57.v20241219.jar;E:\kafka_2.13-3.9.1\libs\jline-3.25.1.jar;E:\kafka_2.13-3.9.1\libs\jopt-simple-5.0.4.jar;E:\kafka_2.13-3.9.1\libs\jose4j-0.9.4.jar;E:\kafka_2.13-3.9.1\libs\jsr305-3.0.2.jar;E:\kafka_2.13-3.9.1\libs\kafka-clients-3.9.1.jar;E:\kafka_2.13-3.9.1\libs\kafka-group-coordinator-3.9.1.jar;E:\kafka_2.13-3.9.1\libs\kafka-group-coordinator-api-3.9.1.jar;E:\kafka_2.13-3.9.1\libs\kafka-metadata-3.9.1.jar;E:\kafka_2.13-3.9.1\libs\kafka-raft-3.9.1.jar;E:\kafka_2.13-3.9.1\libs\kafka-server-3.9.1.jar;E:\kafka_2.13-3.9.1\libs\kafka-server-common-3.9.1.jar;E:\kafka_2.13-3.9.1\libs\kafka-shell-3.9.1.jar;E:\kafka_2.13-3.9.1\libs\kafka-storage-3.9.1.jar;E:\kafka_2.13-3.9.1\libs\kafka-storage-api-3.9.1.jar;E:\kafka_2.13-3.9.1\libs\kafka-streams-3.9.1.jar;E:\kafka_2.13-3.9.1\libs\kafka-streams-examples-3.9.1.jar;E:\kafka_2.13-3.9.1\libs\kafka-streams-scala_2.13-3.9.1.jar;E:\kafka_2.13-3.9.1\libs\kafka-streams-test-utils-3.9.1.jar;E:\kafka_2.13-3.9.1\libs\kafka-tools-3.9.1.jar;E:\kafka_2.13-3.9.1\libs\kafka-tools-api-3.9.1.jar;E:\kafka_2.13-3.9.1\libs\kafka-transaction-coordinator-3.9.1.jar;E:\kafka_2.13-3.9.1\libs\kafka_2.13-3.9.1.jar;E:\kafka_2.13-3.9.1\libs\lz4-java-1.8.0.jar;E:\kafka_2.13-3.9.1\libs\maven-artifact-3.9.6.jar;E:\kafka_2.13-3.9.1\libs\metrics-core-2.2.0.jar;E:\kafka_2.13-3.9.1\libs\metrics-core-4.1.12.1.jar;E:\kafka_2.13-3.9.1\libs\netty-buffer-4.1.119.Final.jar;E:\kafka_2.13-3.9.1\libs\netty-codec-4.1.119.Final.jar;E:\kafka_2.13-3.9.1\libs\netty-common-4.1.119.Final.jar;E:\kafka_2.13-3.9.1\libs\netty-handler-4.1.119.Final.jar;E:\kafka_2.13-3.9.1\libs\netty-resolver-4.1.119.Final.jar;E:\kafka_2.13-3.9.1\libs\netty-transport-4.1.119.Final.jar;E:\kafka_2.13-3.9.1\libs\netty-transport-classes-epoll-4.1.119.Final.jar;E:\kafka_2.13-3.9.1\libs\netty-transport-native-epoll-4.1.119.Final.jar;E:\kafka_2.13-3.9.1\libs\netty-transport-native-unix-common-4.1.119.Final.jar;E:\kafka_2.13-3.9.1\libs\opentelemetry-proto-1.0.0-alpha.jar;E:\kafka_2.13-3.9.1\libs\osgi-resource-locator-1.0.3.jar;E:\kafka_2.13-3.9.1\libs\paranamer-2.8.jar;E:\kafka_2.13-3.9.1\libs\pcollections-4.0.1.jar;E:\kafka_2.13-3.9.1\libs\plexus-utils-3.5.1.jar;E:\kafka_2.13-3.9.1\libs\protobuf-java-3.25.5.jar;E:\kafka_2.13-3.9.1\libs\reflections-0.10.2.jar;E:\kafka_2.13-3.9.1\libs\reload4j-1.2.25.jar;E:\kafka_2.13-3.9.1\libs\rocksdbjni-7.9.2.jar;E:\kafka_2.13-3.9.1\libs\scala-collection-compat_2.13-2.10.0.jar;E:\kafka_2.13-3.9.1\libs\scala-java8-compat_2.13-1.0.2.jar;E:\kafka_2.13-3.9.1\libs\scala-library-2.13.15.jar;E:\kafka_2.13-3.9.1\libs\scala-logging_2.13-3.9.5.jar;E:\kafka_2.13-3.9.1\libs\scala-reflect-2.13.15.jar;E:\kafka_2.13-3.9.1\libs\slf4j-api-1.7.36.jar;E:\kafka_2.13-3.9.1\libs\slf4j-reload4j-1.7.36.jar;E:\kafka_2.13-3.9.1\libs\snappy-java-1.1.10.5.jar;E:\kafka_2.13-3.9.1\libs\swagger-annotations-2.2.8.jar;E:\kafka_2.13-3.9.1\libs\trogdor-3.9.1.jar;E:\kafka_2.13-3.9.1\libs\zookeeper-3.8.4.jar;E:\kafka_2.13-3.9.1\libs\zookeeper-jute-3.8.4.jar;E:\kafka_2.13-3.9.1\libs\zstd-jni-1.5.6-4.jar (org.apache.zookeeper.ZooKeeper)
[2025-09-03 01:26:15,352] INFO Client environment:java.library.path=C:\Program Files\Java\jdk-23\bin;C:\WINDOWS\Sun\Java\bin;C:\WINDOWS\system32;C:\WINDOWS;C:\Program Files\Common Files\Oracle\Java\javapath;C:\windows\system32;C:\windows;C:\windows\System32\Wbem;C:\windows\System32\WindowsPowerShell\v1.0\;C:\windows\System32\OpenSSH\;C:\Program Files\HP\HP One Agent;C:\Program Files\Java\jdk-23\bin;C:\Program Files\Python313;C:\Program Files\Python313\Scripts;C:\WINDOWS\system32;C:\WINDOWS;C:\WINDOWS\System32\Wbem;C:\WINDOWS\System32\WindowsPowerShell\v1.0\;C:\WINDOWS\System32\OpenSSH\;C:\Program Files\nodejs\;C:\Program Files\MySQL\MySQL Server 8.0\bin;C:\Program Files\Git\cmd;C:\Program Files\Docker\Docker\resources\bin;C:\Users\ompra\AppData\Local\Programs\Python\Python311\Scripts\;C:\Users\ompra\AppData\Local\Programs\Python\Python311\;C:\Users\ompra\AppData\Local\Microsoft\WindowsApps;C:\Program Files\Python313;C:\Program Files\Python313\Scripts;C:\Users\ompra\AppData\Local\Programs\Microsoft VS Code\bin;C:\Users\ompra\AppData\Roaming\npm;. (org.apache.zookeeper.ZooKeeper)
[2025-09-03 01:26:15,352] INFO Client environment:java.io.tmpdir=C:\Users\ompra\AppData\Local\Temp\ (org.apache.zookeeper.ZooKeeper)
[2025-09-03 01:26:15,353] INFO Client environment:java.compiler=<NA> (org.apache.zookeeper.ZooKeeper)
[2025-09-03 01:26:15,353] INFO Client environment:os.name=Windows 11 (org.apache.zookeeper.ZooKeeper)
[2025-09-03 01:26:15,353] INFO Client environment:os.arch=amd64 (org.apache.zookeeper.ZooKeeper)
[2025-09-03 01:26:15,353] INFO Client environment:os.version=10.0 (org.apache.zookeeper.ZooKeeper)
[2025-09-03 01:26:15,354] INFO Client environment:user.name=ompra (org.apache.zookeeper.ZooKeeper)
[2025-09-03 01:26:15,354] INFO Client environment:user.home=C:\Users\ompra (org.apache.zookeeper.ZooKeeper)
[2025-09-03 01:26:15,354] INFO Client environment:user.dir=E:\kafka_2.13-3.9.1 (org.apache.zookeeper.ZooKeeper)
[2025-09-03 01:26:15,354] INFO Client environment:os.memory.free=981MB (org.apache.zookeeper.ZooKeeper)
[2025-09-03 01:26:15,356] INFO Client environment:os.memory.max=1024MB (org.apache.zookeeper.ZooKeeper)
[2025-09-03 01:26:15,356] INFO Client environment:os.memory.total=1024MB (org.apache.zookeeper.ZooKeeper)
[2025-09-03 01:26:15,361] INFO Initiating client connection, connectString=localhost:2181 sessionTimeout=18000 watcher=kafka.zookeeper.ZooKeeperClient$ZooKeeperClientWatcher$@27d5a580 (org.apache.zookeeper.ZooKeeper)
[2025-09-03 01:26:15,445] INFO jute.maxbuffer value is 4194304 Bytes (org.apache.zookeeper.ClientCnxnSocket)
[2025-09-03 01:26:15,462] INFO zookeeper.request.timeout value is 0. feature enabled=false (org.apache.zookeeper.ClientCnxn)
[2025-09-03 01:26:15,465] INFO [ZooKeeperClient Kafka server] Waiting until connected. (kafka.zookeeper.ZooKeeperClient)
[2025-09-03 01:26:15,468] INFO Opening socket connection to server localhost/127.0.0.1:2181. (org.apache.zookeeper.ClientCnxn)
[2025-09-03 01:26:15,473] INFO Socket connection established, initiating session, client: /127.0.0.1:52548, server: localhost/127.0.0.1:2181 (org.apache.zookeeper.ClientCnxn)
[2025-09-03 01:26:15,488] INFO Creating new log file: log.3 (org.apache.zookeeper.server.persistence.FileTxnLog)
[2025-09-03 01:26:15,509] INFO Session establishment complete on server localhost/127.0.0.1:2181, session id = 0x10021049b0c0000, negotiated timeout = 18000 (org.apache.zookeeper.ClientCnxn)
[2025-09-03 01:26:15,516] INFO [ZooKeeperClient Kafka server] Connected. (kafka.zookeeper.ZooKeeperClient)
[2025-09-03 01:26:16,141] INFO Cluster ID = 5CA_QwAhTquAEtw0fGbvsA (kafka.server.KafkaServer)
[2025-09-03 01:26:16,245] INFO KafkaConfig values: 
	advertised.listeners = null
	alter.config.policy.class.name = null
	alter.log.dirs.replication.quota.window.num = 11
	alter.log.dirs.replication.quota.window.size.seconds = 1
	authorizer.class.name = 
	auto.create.topics.enable = true
	auto.include.jmx.reporter = true
	auto.leader.rebalance.enable = true
	background.threads = 10
	broker.heartbeat.interval.ms = 2000
	broker.id = 0
	broker.id.generation.enable = true
	broker.rack = null
	broker.session.timeout.ms = 9000
	client.quota.callback.class = null
	compression.gzip.level = -1
	compression.lz4.level = 9
	compression.type = producer
	compression.zstd.level = 3
	connection.failed.authentication.delay.ms = 100
	connections.max.idle.ms = 600000
	connections.max.reauth.ms = 0
	control.plane.listener.name = null
	controlled.shutdown.enable = true
	controlled.shutdown.max.retries = 3
	controlled.shutdown.retry.backoff.ms = 5000
	controller.listener.names = null
	controller.quorum.append.linger.ms = 25
	controller.quorum.bootstrap.servers = []
	controller.quorum.election.backoff.max.ms = 1000
	controller.quorum.election.timeout.ms = 1000
	controller.quorum.fetch.timeout.ms = 2000
	controller.quorum.request.timeout.ms = 2000
	controller.quorum.retry.backoff.ms = 20
	controller.quorum.voters = []
	controller.quota.window.num = 11
	controller.quota.window.size.seconds = 1
	controller.socket.timeout.ms = 30000
	create.topic.policy.class.name = null
	default.replication.factor = 1
	delegation.token.expiry.check.interval.ms = 3600000
	delegation.token.expiry.time.ms = 86400000
	delegation.token.master.key = null
	delegation.token.max.lifetime.ms = 604800000
	delegation.token.secret.key = null
	delete.records.purgatory.purge.interval.requests = 1
	delete.topic.enable = true
	early.start.listeners = null
	eligible.leader.replicas.enable = false
	fetch.max.bytes = 57671680
	fetch.purgatory.purge.interval.requests = 1000
	group.consumer.assignors = [org.apache.kafka.coordinator.group.assignor.UniformAssignor, org.apache.kafka.coordinator.group.assignor.RangeAssignor]
	group.consumer.heartbeat.interval.ms = 5000
	group.consumer.max.heartbeat.interval.ms = 15000
	group.consumer.max.session.timeout.ms = 60000
	group.consumer.max.size = 2147483647
	group.consumer.migration.policy = disabled
	group.consumer.min.heartbeat.interval.ms = 5000
	group.consumer.min.session.timeout.ms = 45000
	group.consumer.session.timeout.ms = 45000
	group.coordinator.append.linger.ms = 10
	group.coordinator.new.enable = false
	group.coordinator.rebalance.protocols = [classic]
	group.coordinator.threads = 1
	group.initial.rebalance.delay.ms = 0
	group.max.session.timeout.ms = 1800000
	group.max.size = 2147483647
	group.min.session.timeout.ms = 6000
	group.share.delivery.count.limit = 5
	group.share.enable = false
	group.share.heartbeat.interval.ms = 5000
	group.share.max.groups = 10
	group.share.max.heartbeat.interval.ms = 15000
	group.share.max.record.lock.duration.ms = 60000
	group.share.max.session.timeout.ms = 60000
	group.share.max.size = 200
	group.share.min.heartbeat.interval.ms = 5000
	group.share.min.record.lock.duration.ms = 15000
	group.share.min.session.timeout.ms = 45000
	group.share.partition.max.record.locks = 200
	group.share.record.lock.duration.ms = 30000
	group.share.session.timeout.ms = 45000
	initial.broker.registration.timeout.ms = 60000
	inter.broker.listener.name = null
	inter.broker.protocol.version = 3.9-IV0
	kafka.metrics.polling.interval.secs = 10
	kafka.metrics.reporters = []
	leader.imbalance.check.interval.seconds = 300
	leader.imbalance.per.broker.percentage = 10
	listener.security.protocol.map = SASL_SSL:SASL_SSL,PLAINTEXT:PLAINTEXT,SSL:SSL,SASL_PLAINTEXT:SASL_PLAINTEXT
	listeners = PLAINTEXT://:9092
	log.cleaner.backoff.ms = 15000
	log.cleaner.dedupe.buffer.size = 134217728
	log.cleaner.delete.retention.ms = 86400000
	log.cleaner.enable = true
	log.cleaner.io.buffer.load.factor = 0.9
	log.cleaner.io.buffer.size = 524288
	log.cleaner.io.max.bytes.per.second = 1.7976931348623157E308
	log.cleaner.max.compaction.lag.ms = 9223372036854775807
	log.cleaner.min.cleanable.ratio = 0.5
	log.cleaner.min.compaction.lag.ms = 0
	log.cleaner.threads = 1
	log.cleanup.policy = [delete]
	log.dir = /tmp/kafka-logs
	log.dir.failure.timeout.ms = 30000
	log.dirs = E:/kafka_2.13-3.9.1/config//kafka-logs
	log.flush.interval.messages = 9223372036854775807
	log.flush.interval.ms = null
	log.flush.offset.checkpoint.interval.ms = 60000
	log.flush.scheduler.interval.ms = 9223372036854775807
	log.flush.start.offset.checkpoint.interval.ms = 60000
	log.index.interval.bytes = 4096
	log.index.size.max.bytes = 10485760
	log.initial.task.delay.ms = 30000
	log.local.retention.bytes = -2
	log.local.retention.ms = -2
	log.message.downconversion.enable = true
	log.message.format.version = 3.0-IV1
	log.message.timestamp.after.max.ms = 9223372036854775807
	log.message.timestamp.before.max.ms = 9223372036854775807
	log.message.timestamp.difference.max.ms = 9223372036854775807
	log.message.timestamp.type = CreateTime
	log.preallocate = false
	log.retention.bytes = -1
	log.retention.check.interval.ms = 300000
	log.retention.hours = 168
	log.retention.minutes = null
	log.retention.ms = null
	log.roll.hours = 168
	log.roll.jitter.hours = 0
	log.roll.jitter.ms = null
	log.roll.ms = null
	log.segment.bytes = 1073741824
	log.segment.delete.delay.ms = 60000
	max.connection.creation.rate = 2147483647
	max.connections = 2147483647
	max.connections.per.ip = 2147483647
	max.connections.per.ip.overrides = 
	max.incremental.fetch.session.cache.slots = 1000
	max.request.partition.size.limit = 2000
	message.max.bytes = 1048588
	metadata.log.dir = null
	metadata.log.max.record.bytes.between.snapshots = 20971520
	metadata.log.max.snapshot.interval.ms = 3600000
	metadata.log.segment.bytes = 1073741824
	metadata.log.segment.min.bytes = 8388608
	metadata.log.segment.ms = 604800000
	metadata.max.idle.interval.ms = 500
	metadata.max.retention.bytes = 104857600
	metadata.max.retention.ms = 604800000
	metric.reporters = []
	metrics.num.samples = 2
	metrics.recording.level = INFO
	metrics.sample.window.ms = 30000
	min.insync.replicas = 1
	node.id = 0
	num.io.threads = 8
	num.network.threads = 3
	num.partitions = 1
	num.recovery.threads.per.data.dir = 1
	num.replica.alter.log.dirs.threads = null
	num.replica.fetchers = 1
	offset.metadata.max.bytes = 4096
	offsets.commit.required.acks = -1
	offsets.commit.timeout.ms = 5000
	offsets.load.buffer.size = 5242880
	offsets.retention.check.interval.ms = 600000
	offsets.retention.minutes = 10080
	offsets.topic.compression.codec = 0
	offsets.topic.num.partitions = 50
	offsets.topic.replication.factor = 1
	offsets.topic.segment.bytes = 104857600
	password.encoder.cipher.algorithm = AES/CBC/PKCS5Padding
	password.encoder.iterations = 4096
	password.encoder.key.length = 128
	password.encoder.keyfactory.algorithm = null
	password.encoder.old.secret = null
	password.encoder.secret = null
	principal.builder.class = class org.apache.kafka.common.security.authenticator.DefaultKafkaPrincipalBuilder
	process.roles = []
	producer.id.expiration.check.interval.ms = 600000
	producer.id.expiration.ms = 86400000
	producer.purgatory.purge.interval.requests = 1000
	queued.max.request.bytes = -1
	queued.max.requests = 500
	quota.window.num = 11
	quota.window.size.seconds = 1
	remote.fetch.max.wait.ms = 500
	remote.log.index.file.cache.total.size.bytes = 1073741824
	remote.log.manager.copier.thread.pool.size = -1
	remote.log.manager.copy.max.bytes.per.second = 9223372036854775807
	remote.log.manager.copy.quota.window.num = 11
	remote.log.manager.copy.quota.window.size.seconds = 1
	remote.log.manager.expiration.thread.pool.size = -1
	remote.log.manager.fetch.max.bytes.per.second = 9223372036854775807
	remote.log.manager.fetch.quota.window.num = 11
	remote.log.manager.fetch.quota.window.size.seconds = 1
	remote.log.manager.task.interval.ms = 30000
	remote.log.manager.task.retry.backoff.max.ms = 30000
	remote.log.manager.task.retry.backoff.ms = 500
	remote.log.manager.task.retry.jitter = 0.2
	remote.log.manager.thread.pool.size = 10
	remote.log.metadata.custom.metadata.max.bytes = 128
	remote.log.metadata.manager.class.name = org.apache.kafka.server.log.remote.metadata.storage.TopicBasedRemoteLogMetadataManager
	remote.log.metadata.manager.class.path = null
	remote.log.metadata.manager.impl.prefix = rlmm.config.
	remote.log.metadata.manager.listener.name = null
	remote.log.reader.max.pending.tasks = 100
	remote.log.reader.threads = 10
	remote.log.storage.manager.class.name = null
	remote.log.storage.manager.class.path = null
	remote.log.storage.manager.impl.prefix = rsm.config.
	remote.log.storage.system.enable = false
	replica.fetch.backoff.ms = 1000
	replica.fetch.max.bytes = 1048576
	replica.fetch.min.bytes = 1
	replica.fetch.response.max.bytes = 10485760
	replica.fetch.wait.max.ms = 500
	replica.high.watermark.checkpoint.interval.ms = 5000
	replica.lag.time.max.ms = 30000
	replica.selector.class = null
	replica.socket.receive.buffer.bytes = 65536
	replica.socket.timeout.ms = 30000
	replication.quota.window.num = 11
	replication.quota.window.size.seconds = 1
	request.timeout.ms = 30000
	reserved.broker.max.id = 1000
	sasl.client.callback.handler.class = null
	sasl.enabled.mechanisms = [GSSAPI]
	sasl.jaas.config = null
	sasl.kerberos.kinit.cmd = /usr/bin/kinit
	sasl.kerberos.min.time.before.relogin = 60000
	sasl.kerberos.principal.to.local.rules = [DEFAULT]
	sasl.kerberos.service.name = null
	sasl.kerberos.ticket.renew.jitter = 0.05
	sasl.kerberos.ticket.renew.window.factor = 0.8
	sasl.login.callback.handler.class = null
	sasl.login.class = null
	sasl.login.connect.timeout.ms = null
	sasl.login.read.timeout.ms = null
	sasl.login.refresh.buffer.seconds = 300
	sasl.login.refresh.min.period.seconds = 60
	sasl.login.refresh.window.factor = 0.8
	sasl.login.refresh.window.jitter = 0.05
	sasl.login.retry.backoff.max.ms = 10000
	sasl.login.retry.backoff.ms = 100
	sasl.mechanism.controller.protocol = GSSAPI
	sasl.mechanism.inter.broker.protocol = GSSAPI
	sasl.oauthbearer.clock.skew.seconds = 30
	sasl.oauthbearer.expected.audience = null
	sasl.oauthbearer.expected.issuer = null
	sasl.oauthbearer.jwks.endpoint.refresh.ms = 3600000
	sasl.oauthbearer.jwks.endpoint.retry.backoff.max.ms = 10000
	sasl.oauthbearer.jwks.endpoint.retry.backoff.ms = 100
	sasl.oauthbearer.jwks.endpoint.url = null
	sasl.oauthbearer.scope.claim.name = scope
	sasl.oauthbearer.sub.claim.name = sub
	sasl.oauthbearer.token.endpoint.url = null
	sasl.server.callback.handler.class = null
	sasl.server.max.receive.size = 524288
	security.inter.broker.protocol = PLAINTEXT
	security.providers = null
	server.max.startup.time.ms = 9223372036854775807
	socket.connection.setup.timeout.max.ms = 30000
	socket.connection.setup.timeout.ms = 10000
	socket.listen.backlog.size = 50
	socket.receive.buffer.bytes = 102400
	socket.request.max.bytes = 104857600
	socket.send.buffer.bytes = 102400
	ssl.allow.dn.changes = false
	ssl.allow.san.changes = false
	ssl.cipher.suites = []
	ssl.client.auth = none
	ssl.enabled.protocols = [TLSv1.2, TLSv1.3]
	ssl.endpoint.identification.algorithm = https
	ssl.engine.factory.class = null
	ssl.key.password = null
	ssl.keymanager.algorithm = SunX509
	ssl.keystore.certificate.chain = null
	ssl.keystore.key = null
	ssl.keystore.location = null
	ssl.keystore.password = null
	ssl.keystore.type = JKS
	ssl.principal.mapping.rules = DEFAULT
	ssl.protocol = TLSv1.3
	ssl.provider = null
	ssl.secure.random.implementation = null
	ssl.trustmanager.algorithm = PKIX
	ssl.truststore.certificates = null
	ssl.truststore.location = null
	ssl.truststore.password = null
	ssl.truststore.type = JKS
	telemetry.max.bytes = 1048576
	transaction.abort.timed.out.transaction.cleanup.interval.ms = 10000
	transaction.max.timeout.ms = 900000
	transaction.partition.verification.enable = true
	transaction.remove.expired.transaction.cleanup.interval.ms = 3600000
	transaction.state.log.load.buffer.size = 5242880
	transaction.state.log.min.isr = 1
	transaction.state.log.num.partitions = 50
	transaction.state.log.replication.factor = 1
	transaction.state.log.segment.bytes = 104857600
	transactional.id.expiration.ms = 604800000
	unclean.leader.election.enable = false
	unclean.leader.election.interval.ms = 300000
	unstable.api.versions.enable = false
	unstable.feature.versions.enable = false
	zookeeper.clientCnxnSocket = null
	zookeeper.connect = localhost:2181
	zookeeper.connection.timeout.ms = 18000
	zookeeper.max.in.flight.requests = 10
	zookeeper.metadata.migration.enable = false
	zookeeper.metadata.migration.min.batch.size = 200
	zookeeper.session.timeout.ms = 18000
	zookeeper.set.acl = false
	zookeeper.ssl.cipher.suites = null
	zookeeper.ssl.client.enable = false
	zookeeper.ssl.crl.enable = false
	zookeeper.ssl.enabled.protocols = null
	zookeeper.ssl.endpoint.identification.algorithm = HTTPS
	zookeeper.ssl.keystore.location = null
	zookeeper.ssl.keystore.password = null
	zookeeper.ssl.keystore.type = null
	zookeeper.ssl.ocsp.enable = false
	zookeeper.ssl.protocol = TLSv1.2
	zookeeper.ssl.truststore.location = null
	zookeeper.ssl.truststore.password = null
	zookeeper.ssl.truststore.type = null
 (kafka.server.KafkaConfig)
[2025-09-03 01:26:16,325] INFO [ThrottledChannelReaper-Fetch]: Starting (kafka.server.ClientQuotaManager$ThrottledChannelReaper)
[2025-09-03 01:26:16,326] INFO [ThrottledChannelReaper-Produce]: Starting (kafka.server.ClientQuotaManager$ThrottledChannelReaper)
[2025-09-03 01:26:16,328] INFO [ThrottledChannelReaper-Request]: Starting (kafka.server.ClientQuotaManager$ThrottledChannelReaper)
[2025-09-03 01:26:16,334] INFO [ThrottledChannelReaper-ControllerMutation]: Starting (kafka.server.ClientQuotaManager$ThrottledChannelReaper)
[2025-09-03 01:26:16,348] INFO [KafkaServer id=0] Rewriting E:/kafka_2.13-3.9.1/config//kafka-logs\meta.properties (kafka.server.KafkaServer)
[2025-09-03 01:26:16,505] INFO Loading logs from log dirs ArrayBuffer(E:\kafka_2.13-3.9.1\config\kafka-logs) (kafka.log.LogManager)
[2025-09-03 01:26:16,519] INFO No logs found to be loaded in E:\kafka_2.13-3.9.1\config\kafka-logs (kafka.log.LogManager)
[2025-09-03 01:26:16,542] INFO Loaded 0 logs in 34ms (kafka.log.LogManager)
[2025-09-03 01:26:16,546] INFO Starting log cleanup with a period of 300000 ms. (kafka.log.LogManager)
[2025-09-03 01:26:16,548] INFO Starting log flusher with a default period of 9223372036854775807 ms. (kafka.log.LogManager)
[2025-09-03 01:26:16,643] INFO [kafka-log-cleaner-thread-0]: Starting (kafka.log.LogCleaner$CleanerThread)
[2025-09-03 01:26:16,685] INFO [feature-zk-node-event-process-thread]: Starting (kafka.server.FinalizedFeatureChangeListener$ChangeNotificationProcessorThread)
[2025-09-03 01:26:16,705] INFO Feature ZK node at path: /feature does not exist (kafka.server.FinalizedFeatureChangeListener)
[2025-09-03 01:26:16,768] INFO [zk-broker-0-to-controller-forwarding-channel-manager]: Starting (kafka.server.NodeToControllerRequestThread)
[2025-09-03 01:26:17,763] INFO Updated connection-accept-rate max connection creation rate to 2147483647 (kafka.network.ConnectionQuotas)
[2025-09-03 01:26:17,818] INFO [SocketServer listenerType=ZK_BROKER, nodeId=0] Created data-plane acceptor and processors for endpoint : ListenerName(PLAINTEXT) (kafka.network.SocketServer)
[2025-09-03 01:26:17,833] INFO [zk-broker-0-to-controller-alter-partition-channel-manager]: Starting (kafka.server.NodeToControllerRequestThread)
[2025-09-03 01:26:17,898] INFO [ExpirationReaper-0-Produce]: Starting (kafka.server.DelayedOperationPurgatory$ExpiredOperationReaper)
[2025-09-03 01:26:17,901] INFO [ExpirationReaper-0-Fetch]: Starting (kafka.server.DelayedOperationPurgatory$ExpiredOperationReaper)
[2025-09-03 01:26:17,904] INFO [ExpirationReaper-0-DeleteRecords]: Starting (kafka.server.DelayedOperationPurgatory$ExpiredOperationReaper)
[2025-09-03 01:26:17,906] INFO [ExpirationReaper-0-ElectLeader]: Starting (kafka.server.DelayedOperationPurgatory$ExpiredOperationReaper)
[2025-09-03 01:26:17,908] INFO [ExpirationReaper-0-RemoteFetch]: Starting (kafka.server.DelayedOperationPurgatory$ExpiredOperationReaper)
[2025-09-03 01:26:17,951] INFO [LogDirFailureHandler]: Starting (kafka.server.ReplicaManager$LogDirFailureHandler)
[2025-09-03 01:26:17,953] INFO [AddPartitionsToTxnSenderThread-0]: Starting (kafka.server.AddPartitionsToTxnManager)
[2025-09-03 01:26:18,006] INFO Creating /brokers/ids/0 (is it secure? false) (kafka.zk.KafkaZkClient)
[2025-09-03 01:26:18,055] INFO Stat of the created znode at /brokers/ids/0 is: 27,27,1756842978039,1756842978039,1,0,0,72093897702768640,202,0,27
 (kafka.zk.KafkaZkClient)
[2025-09-03 01:26:18,057] INFO Registered broker 0 at path /brokers/ids/0 with addresses: PLAINTEXT://OMPRAKASH:9092, czxid (broker epoch): 27 (kafka.zk.KafkaZkClient)
[2025-09-03 01:26:18,188] INFO [ExpirationReaper-0-topic]: Starting (kafka.server.DelayedOperationPurgatory$ExpiredOperationReaper)
[2025-09-03 01:26:18,219] INFO [ExpirationReaper-0-Heartbeat]: Starting (kafka.server.DelayedOperationPurgatory$ExpiredOperationReaper)
[2025-09-03 01:26:18,220] INFO [ExpirationReaper-0-Rebalance]: Starting (kafka.server.DelayedOperationPurgatory$ExpiredOperationReaper)
[2025-09-03 01:26:18,220] INFO Successfully created /controller_epoch with initial epoch 0 (kafka.zk.KafkaZkClient)
[2025-09-03 01:26:18,263] INFO Feature ZK node created at path: /feature (kafka.server.FinalizedFeatureChangeListener)
[2025-09-03 01:26:18,276] INFO [GroupCoordinator 0]: Starting up. (kafka.coordinator.group.GroupCoordinator)
[2025-09-03 01:26:18,288] INFO [GroupCoordinator 0]: Startup complete. (kafka.coordinator.group.GroupCoordinator)
[2025-09-03 01:26:18,342] INFO [MetadataCache brokerId=0] Updated cache from existing None to latest Features(metadataVersion=3.9-IV0, finalizedFeatures={}, finalizedFeaturesEpoch=0). (kafka.server.metadata.ZkMetadataCache)
[2025-09-03 01:26:18,351] INFO [TransactionCoordinator id=0] Starting up. (kafka.coordinator.transaction.TransactionCoordinator)
[2025-09-03 01:26:18,359] INFO [TxnMarkerSenderThread-0]: Starting (kafka.coordinator.transaction.TransactionMarkerChannelManager)
[2025-09-03 01:26:18,359] INFO [TransactionCoordinator id=0] Startup complete. (kafka.coordinator.transaction.TransactionCoordinator)
[2025-09-03 01:26:18,513] INFO [ExpirationReaper-0-AlterAcls]: Starting (kafka.server.DelayedOperationPurgatory$ExpiredOperationReaper)
[2025-09-03 01:26:18,683] INFO [/config/changes-event-process-thread]: Starting (kafka.common.ZkNodeChangeNotificationListener$ChangeEventProcessThread)
[2025-09-03 01:26:18,709] INFO [SocketServer listenerType=ZK_BROKER, nodeId=0] Enabling request processing. (kafka.network.SocketServer)
[2025-09-03 01:26:18,713] INFO Awaiting socket connections on 0.0.0.0:9092. (kafka.network.DataPlaneAcceptor)
[2025-09-03 01:26:18,718] INFO [KafkaServer id=0] Start processing authorizer futures (kafka.server.KafkaServer)
[2025-09-03 01:26:18,719] INFO [KafkaServer id=0] End processing authorizer futures (kafka.server.KafkaServer)
[2025-09-03 01:26:18,720] INFO [KafkaServer id=0] Start processing enable request processing future (kafka.server.KafkaServer)
[2025-09-03 01:26:18,720] INFO [KafkaServer id=0] End processing enable request processing future (kafka.server.KafkaServer)
[2025-09-03 01:26:18,730] INFO Kafka version: 3.9.1 (org.apache.kafka.common.utils.AppInfoParser)
[2025-09-03 01:26:18,731] INFO Kafka commitId: f745dfdcee2b9851 (org.apache.kafka.common.utils.AppInfoParser)
[2025-09-03 01:26:18,731] INFO Kafka startTimeMs: 1756842978721 (org.apache.kafka.common.utils.AppInfoParser)
[2025-09-03 01:26:18,735] INFO [KafkaServer id=0] started (kafka.server.KafkaServer)
[2025-09-03 01:26:19,142] INFO [zk-broker-0-to-controller-alter-partition-channel-manager]: Recorded new ZK controller, from now on will use node OMPRAKASH:9092 (id: 0 rack: null) (kafka.server.NodeToControllerRequestThread)
[2025-09-03 01:26:19,173] INFO [zk-broker-0-to-controller-forwarding-channel-manager]: Recorded new ZK controller, from now on will use node OMPRAKASH:9092 (id: 0 rack: null) (kafka.server.NodeToControllerRequestThread)
[2025-09-03 01:40:21,740] INFO Registered kafka:type=kafka.Log4jController MBean (kafka.utils.Log4jControllerRegistration$)
[2025-09-03 01:40:22,200] INFO Setting -D jdk.tls.rejectClientInitiatedRenegotiation=true to disable client-initiated TLS renegotiation (org.apache.zookeeper.common.X509Util)
[2025-09-03 01:40:22,382] INFO starting (kafka.server.KafkaServer)
[2025-09-03 01:40:22,383] INFO Connecting to zookeeper on localhost:2181 (kafka.server.KafkaServer)
[2025-09-03 01:40:22,429] INFO [ZooKeeperClient Kafka server] Initializing a new session to localhost:2181. (kafka.zookeeper.ZooKeeperClient)
[2025-09-03 01:40:22,446] INFO Client environment:zookeeper.version=3.8.4-9316c2a7a97e1666d8f4593f34dd6fc36ecc436c, built on 2024-02-12 22:16 UTC (org.apache.zookeeper.ZooKeeper)
[2025-09-03 01:40:22,447] INFO Client environment:host.name=OMPRAKASH (org.apache.zookeeper.ZooKeeper)
[2025-09-03 01:40:22,447] INFO Client environment:java.version=23 (org.apache.zookeeper.ZooKeeper)
[2025-09-03 01:40:22,447] INFO Client environment:java.vendor=Oracle Corporation (org.apache.zookeeper.ZooKeeper)
[2025-09-03 01:40:22,448] INFO Client environment:java.home=C:\Program Files\Java\jdk-23 (org.apache.zookeeper.ZooKeeper)
[2025-09-03 01:40:22,448] INFO Client environment:java.class.path=E:\kafka_2.13-3.9.1_Copy\libs\activation-1.1.1.jar;E:\kafka_2.13-3.9.1_Copy\libs\aopalliance-repackaged-2.6.1.jar;E:\kafka_2.13-3.9.1_Copy\libs\argparse4j-0.7.0.jar;E:\kafka_2.13-3.9.1_Copy\libs\audience-annotations-0.12.0.jar;E:\kafka_2.13-3.9.1_Copy\libs\caffeine-2.9.3.jar;E:\kafka_2.13-3.9.1_Copy\libs\commons-beanutils-1.9.4.jar;E:\kafka_2.13-3.9.1_Copy\libs\commons-cli-1.4.jar;E:\kafka_2.13-3.9.1_Copy\libs\commons-collections-3.2.2.jar;E:\kafka_2.13-3.9.1_Copy\libs\commons-digester-2.1.jar;E:\kafka_2.13-3.9.1_Copy\libs\commons-io-2.14.0.jar;E:\kafka_2.13-3.9.1_Copy\libs\commons-lang3-3.12.0.jar;E:\kafka_2.13-3.9.1_Copy\libs\commons-logging-1.2.jar;E:\kafka_2.13-3.9.1_Copy\libs\commons-validator-1.7.jar;E:\kafka_2.13-3.9.1_Copy\libs\connect-api-3.9.1.jar;E:\kafka_2.13-3.9.1_Copy\libs\connect-basic-auth-extension-3.9.1.jar;E:\kafka_2.13-3.9.1_Copy\libs\connect-file-3.9.1.jar;E:\kafka_2.13-3.9.1_Copy\libs\connect-json-3.9.1.jar;E:\kafka_2.13-3.9.1_Copy\libs\connect-mirror-3.9.1.jar;E:\kafka_2.13-3.9.1_Copy\libs\connect-mirror-client-3.9.1.jar;E:\kafka_2.13-3.9.1_Copy\libs\connect-runtime-3.9.1.jar;E:\kafka_2.13-3.9.1_Copy\libs\connect-transforms-3.9.1.jar;E:\kafka_2.13-3.9.1_Copy\libs\error_prone_annotations-2.10.0.jar;E:\kafka_2.13-3.9.1_Copy\libs\hk2-api-2.6.1.jar;E:\kafka_2.13-3.9.1_Copy\libs\hk2-locator-2.6.1.jar;E:\kafka_2.13-3.9.1_Copy\libs\hk2-utils-2.6.1.jar;E:\kafka_2.13-3.9.1_Copy\libs\jackson-annotations-2.16.2.jar;E:\kafka_2.13-3.9.1_Copy\libs\jackson-core-2.16.2.jar;E:\kafka_2.13-3.9.1_Copy\libs\jackson-databind-2.16.2.jar;E:\kafka_2.13-3.9.1_Copy\libs\jackson-dataformat-csv-2.16.2.jar;E:\kafka_2.13-3.9.1_Copy\libs\jackson-datatype-jdk8-2.16.2.jar;E:\kafka_2.13-3.9.1_Copy\libs\jackson-jaxrs-base-2.16.2.jar;E:\kafka_2.13-3.9.1_Copy\libs\jackson-jaxrs-json-provider-2.16.2.jar;E:\kafka_2.13-3.9.1_Copy\libs\jackson-module-afterburner-2.16.2.jar;E:\kafka_2.13-3.9.1_Copy\libs\jackson-module-jaxb-annotations-2.16.2.jar;E:\kafka_2.13-3.9.1_Copy\libs\jackson-module-scala_2.13-2.16.2.jar;E:\kafka_2.13-3.9.1_Copy\libs\jakarta.activation-api-1.2.2.jar;E:\kafka_2.13-3.9.1_Copy\libs\jakarta.annotation-api-1.3.5.jar;E:\kafka_2.13-3.9.1_Copy\libs\jakarta.inject-2.6.1.jar;E:\kafka_2.13-3.9.1_Copy\libs\jakarta.validation-api-2.0.2.jar;E:\kafka_2.13-3.9.1_Copy\libs\jakarta.ws.rs-api-2.1.6.jar;E:\kafka_2.13-3.9.1_Copy\libs\jakarta.xml.bind-api-2.3.3.jar;E:\kafka_2.13-3.9.1_Copy\libs\javassist-3.29.2-GA.jar;E:\kafka_2.13-3.9.1_Copy\libs\javax.activation-api-1.2.0.jar;E:\kafka_2.13-3.9.1_Copy\libs\javax.annotation-api-1.3.2.jar;E:\kafka_2.13-3.9.1_Copy\libs\javax.servlet-api-3.1.0.jar;E:\kafka_2.13-3.9.1_Copy\libs\javax.ws.rs-api-2.1.1.jar;E:\kafka_2.13-3.9.1_Copy\libs\jaxb-api-2.3.1.jar;E:\kafka_2.13-3.9.1_Copy\libs\jersey-client-2.39.1.jar;E:\kafka_2.13-3.9.1_Copy\libs\jersey-common-2.39.1.jar;E:\kafka_2.13-3.9.1_Copy\libs\jersey-container-servlet-2.39.1.jar;E:\kafka_2.13-3.9.1_Copy\libs\jersey-container-servlet-core-2.39.1.jar;E:\kafka_2.13-3.9.1_Copy\libs\jersey-hk2-2.39.1.jar;E:\kafka_2.13-3.9.1_Copy\libs\jersey-server-2.39.1.jar;E:\kafka_2.13-3.9.1_Copy\libs\jetty-client-9.4.57.v20241219.jar;E:\kafka_2.13-3.9.1_Copy\libs\jetty-continuation-9.4.57.v20241219.jar;E:\kafka_2.13-3.9.1_Copy\libs\jetty-http-9.4.57.v20241219.jar;E:\kafka_2.13-3.9.1_Copy\libs\jetty-io-9.4.57.v20241219.jar;E:\kafka_2.13-3.9.1_Copy\libs\jetty-security-9.4.57.v20241219.jar;E:\kafka_2.13-3.9.1_Copy\libs\jetty-server-9.4.57.v20241219.jar;E:\kafka_2.13-3.9.1_Copy\libs\jetty-servlet-9.4.57.v20241219.jar;E:\kafka_2.13-3.9.1_Copy\libs\jetty-servlets-9.4.57.v20241219.jar;E:\kafka_2.13-3.9.1_Copy\libs\jetty-util-9.4.57.v20241219.jar;E:\kafka_2.13-3.9.1_Copy\libs\jetty-util-ajax-9.4.57.v20241219.jar;E:\kafka_2.13-3.9.1_Copy\libs\jline-3.25.1.jar;E:\kafka_2.13-3.9.1_Copy\libs\jopt-simple-5.0.4.jar;E:\kafka_2.13-3.9.1_Copy\libs\jose4j-0.9.4.jar;E:\kafka_2.13-3.9.1_Copy\libs\jsr305-3.0.2.jar;E:\kafka_2.13-3.9.1_Copy\libs\kafka-clients-3.9.1.jar;E:\kafka_2.13-3.9.1_Copy\libs\kafka-group-coordinator-3.9.1.jar;E:\kafka_2.13-3.9.1_Copy\libs\kafka-group-coordinator-api-3.9.1.jar;E:\kafka_2.13-3.9.1_Copy\libs\kafka-metadata-3.9.1.jar;E:\kafka_2.13-3.9.1_Copy\libs\kafka-raft-3.9.1.jar;E:\kafka_2.13-3.9.1_Copy\libs\kafka-server-3.9.1.jar;E:\kafka_2.13-3.9.1_Copy\libs\kafka-server-common-3.9.1.jar;E:\kafka_2.13-3.9.1_Copy\libs\kafka-shell-3.9.1.jar;E:\kafka_2.13-3.9.1_Copy\libs\kafka-storage-3.9.1.jar;E:\kafka_2.13-3.9.1_Copy\libs\kafka-storage-api-3.9.1.jar;E:\kafka_2.13-3.9.1_Copy\libs\kafka-streams-3.9.1.jar;E:\kafka_2.13-3.9.1_Copy\libs\kafka-streams-examples-3.9.1.jar;E:\kafka_2.13-3.9.1_Copy\libs\kafka-streams-scala_2.13-3.9.1.jar;E:\kafka_2.13-3.9.1_Copy\libs\kafka-streams-test-utils-3.9.1.jar;E:\kafka_2.13-3.9.1_Copy\libs\kafka-tools-3.9.1.jar;E:\kafka_2.13-3.9.1_Copy\libs\kafka-tools-api-3.9.1.jar;E:\kafka_2.13-3.9.1_Copy\libs\kafka-transaction-coordinator-3.9.1.jar;E:\kafka_2.13-3.9.1_Copy\libs\kafka_2.13-3.9.1.jar;E:\kafka_2.13-3.9.1_Copy\libs\lz4-java-1.8.0.jar;E:\kafka_2.13-3.9.1_Copy\libs\maven-artifact-3.9.6.jar;E:\kafka_2.13-3.9.1_Copy\libs\metrics-core-2.2.0.jar;E:\kafka_2.13-3.9.1_Copy\libs\metrics-core-4.1.12.1.jar;E:\kafka_2.13-3.9.1_Copy\libs\netty-buffer-4.1.119.Final.jar;E:\kafka_2.13-3.9.1_Copy\libs\netty-codec-4.1.119.Final.jar;E:\kafka_2.13-3.9.1_Copy\libs\netty-common-4.1.119.Final.jar;E:\kafka_2.13-3.9.1_Copy\libs\netty-handler-4.1.119.Final.jar;E:\kafka_2.13-3.9.1_Copy\libs\netty-resolver-4.1.119.Final.jar;E:\kafka_2.13-3.9.1_Copy\libs\netty-transport-4.1.119.Final.jar;E:\kafka_2.13-3.9.1_Copy\libs\netty-transport-classes-epoll-4.1.119.Final.jar;E:\kafka_2.13-3.9.1_Copy\libs\netty-transport-native-epoll-4.1.119.Final.jar;E:\kafka_2.13-3.9.1_Copy\libs\netty-transport-native-unix-common-4.1.119.Final.jar;E:\kafka_2.13-3.9.1_Copy\libs\opentelemetry-proto-1.0.0-alpha.jar;E:\kafka_2.13-3.9.1_Copy\libs\osgi-resource-locator-1.0.3.jar;E:\kafka_2.13-3.9.1_Copy\libs\paranamer-2.8.jar;E:\kafka_2.13-3.9.1_Copy\libs\pcollections-4.0.1.jar;E:\kafka_2.13-3.9.1_Copy\libs\plexus-utils-3.5.1.jar;E:\kafka_2.13-3.9.1_Copy\libs\protobuf-java-3.25.5.jar;E:\kafka_2.13-3.9.1_Copy\libs\reflections-0.10.2.jar;E:\kafka_2.13-3.9.1_Copy\libs\reload4j-1.2.25.jar;E:\kafka_2.13-3.9.1_Copy\libs\rocksdbjni-7.9.2.jar;E:\kafka_2.13-3.9.1_Copy\libs\scala-collection-compat_2.13-2.10.0.jar;E:\kafka_2.13-3.9.1_Copy\libs\scala-java8-compat_2.13-1.0.2.jar;E:\kafka_2.13-3.9.1_Copy\libs\scala-library-2.13.15.jar;E:\kafka_2.13-3.9.1_Copy\libs\scala-logging_2.13-3.9.5.jar;E:\kafka_2.13-3.9.1_Copy\libs\scala-reflect-2.13.15.jar;E:\kafka_2.13-3.9.1_Copy\libs\slf4j-api-1.7.36.jar;E:\kafka_2.13-3.9.1_Copy\libs\slf4j-reload4j-1.7.36.jar;E:\kafka_2.13-3.9.1_Copy\libs\snappy-java-1.1.10.5.jar;E:\kafka_2.13-3.9.1_Copy\libs\swagger-annotations-2.2.8.jar;E:\kafka_2.13-3.9.1_Copy\libs\trogdor-3.9.1.jar;E:\kafka_2.13-3.9.1_Copy\libs\zookeeper-3.8.4.jar;E:\kafka_2.13-3.9.1_Copy\libs\zookeeper-jute-3.8.4.jar;E:\kafka_2.13-3.9.1_Copy\libs\zstd-jni-1.5.6-4.jar (org.apache.zookeeper.ZooKeeper)
[2025-09-03 01:40:22,450] INFO Client environment:java.library.path=C:\Program Files\Java\jdk-23\bin;C:\WINDOWS\Sun\Java\bin;C:\WINDOWS\system32;C:\WINDOWS;C:\Program Files\Common Files\Oracle\Java\javapath;C:\windows\system32;C:\windows;C:\windows\System32\Wbem;C:\windows\System32\WindowsPowerShell\v1.0\;C:\windows\System32\OpenSSH\;C:\Program Files\HP\HP One Agent;C:\Program Files\Java\jdk-23\bin;C:\Program Files\Python313;C:\Program Files\Python313\Scripts;C:\WINDOWS\system32;C:\WINDOWS;C:\WINDOWS\System32\Wbem;C:\WINDOWS\System32\WindowsPowerShell\v1.0\;C:\WINDOWS\System32\OpenSSH\;C:\Program Files\nodejs\;C:\Program Files\MySQL\MySQL Server 8.0\bin;C:\Program Files\Git\cmd;C:\Program Files\Docker\Docker\resources\bin;C:\Users\ompra\AppData\Local\Programs\Python\Python311\Scripts\;C:\Users\ompra\AppData\Local\Programs\Python\Python311\;C:\Users\ompra\AppData\Local\Microsoft\WindowsApps;C:\Program Files\Python313;C:\Program Files\Python313\Scripts;C:\Users\ompra\AppData\Local\Programs\Microsoft VS Code\bin;C:\Users\ompra\AppData\Roaming\npm;. (org.apache.zookeeper.ZooKeeper)
[2025-09-03 01:40:22,450] INFO Client environment:java.io.tmpdir=C:\Users\ompra\AppData\Local\Temp\ (org.apache.zookeeper.ZooKeeper)
[2025-09-03 01:40:22,450] INFO Client environment:java.compiler=<NA> (org.apache.zookeeper.ZooKeeper)
[2025-09-03 01:40:22,450] INFO Client environment:os.name=Windows 11 (org.apache.zookeeper.ZooKeeper)
[2025-09-03 01:40:22,450] INFO Client environment:os.arch=amd64 (org.apache.zookeeper.ZooKeeper)
[2025-09-03 01:40:22,451] INFO Client environment:os.version=10.0 (org.apache.zookeeper.ZooKeeper)
[2025-09-03 01:40:22,451] INFO Client environment:user.name=ompra (org.apache.zookeeper.ZooKeeper)
[2025-09-03 01:40:22,451] INFO Client environment:user.home=C:\Users\ompra (org.apache.zookeeper.ZooKeeper)
[2025-09-03 01:40:22,451] INFO Client environment:user.dir=E:\kafka_2.13-3.9.1_Copy (org.apache.zookeeper.ZooKeeper)
[2025-09-03 01:40:22,452] INFO Client environment:os.memory.free=981MB (org.apache.zookeeper.ZooKeeper)
[2025-09-03 01:40:22,452] INFO Client environment:os.memory.max=1024MB (org.apache.zookeeper.ZooKeeper)
[2025-09-03 01:40:22,452] INFO Client environment:os.memory.total=1024MB (org.apache.zookeeper.ZooKeeper)
[2025-09-03 01:40:22,456] INFO Initiating client connection, connectString=localhost:2181 sessionTimeout=18000 watcher=kafka.zookeeper.ZooKeeperClient$ZooKeeperClientWatcher$@27d5a580 (org.apache.zookeeper.ZooKeeper)
[2025-09-03 01:40:22,532] INFO jute.maxbuffer value is 4194304 Bytes (org.apache.zookeeper.ClientCnxnSocket)
[2025-09-03 01:40:22,546] INFO zookeeper.request.timeout value is 0. feature enabled=false (org.apache.zookeeper.ClientCnxn)
[2025-09-03 01:40:22,550] INFO [ZooKeeperClient Kafka server] Waiting until connected. (kafka.zookeeper.ZooKeeperClient)
[2025-09-03 01:40:22,553] INFO Opening socket connection to server localhost/[0:0:0:0:0:0:0:1]:2181. (org.apache.zookeeper.ClientCnxn)
[2025-09-03 01:40:22,559] INFO Socket connection established, initiating session, client: /[0:0:0:0:0:0:0:1]:59757, server: localhost/[0:0:0:0:0:0:0:1]:2181 (org.apache.zookeeper.ClientCnxn)
[2025-09-03 01:40:22,570] INFO Session establishment complete on server localhost/[0:0:0:0:0:0:0:1]:2181, session id = 0x1002112586a0001, negotiated timeout = 18000 (org.apache.zookeeper.ClientCnxn)
[2025-09-03 01:40:22,575] INFO [ZooKeeperClient Kafka server] Connected. (kafka.zookeeper.ZooKeeperClient)
[2025-09-03 01:40:22,988] INFO Cluster ID = 5CA_QwAhTquAEtw0fGbvsA (kafka.server.KafkaServer)
[2025-09-03 01:40:23,000] ERROR Fatal error during KafkaServer startup. Prepare to shutdown (kafka.server.KafkaServer)
java.lang.RuntimeException: Stored node id 0 doesn't match previous node id 111 in E:\kafka_2.13-3.9.1\config\kafka-logs\meta.properties. If you moved your data, make sure your configured node id matches. If you intend to create a new node, you should remove all data in your data directories.
	at org.apache.kafka.metadata.properties.MetaPropertiesEnsemble.verify(MetaPropertiesEnsemble.java:513)
	at kafka.server.KafkaServer.startup(KafkaServer.scala:258)
	at kafka.Kafka$.main(Kafka.scala:112)
	at kafka.Kafka.main(Kafka.scala)
[2025-09-03 01:40:23,005] INFO shutting down (kafka.server.KafkaServer)
[2025-09-03 01:40:23,014] INFO [ZooKeeperClient Kafka server] Closing. (kafka.zookeeper.ZooKeeperClient)
[2025-09-03 01:40:23,134] INFO Session: 0x1002112586a0001 closed (org.apache.zookeeper.ZooKeeper)
[2025-09-03 01:40:23,134] INFO EventThread shut down for session: 0x1002112586a0001 (org.apache.zookeeper.ClientCnxn)
[2025-09-03 01:40:23,136] INFO [ZooKeeperClient Kafka server] Closed. (kafka.zookeeper.ZooKeeperClient)
[2025-09-03 01:40:23,150] INFO App info kafka.server for 111 unregistered (org.apache.kafka.common.utils.AppInfoParser)
[2025-09-03 01:40:23,152] INFO shut down completed (kafka.server.KafkaServer)
[2025-09-03 01:40:23,152] ERROR Exiting Kafka due to fatal exception during startup. (kafka.Kafka$)
java.lang.RuntimeException: Stored node id 0 doesn't match previous node id 111 in E:\kafka_2.13-3.9.1\config\kafka-logs\meta.properties. If you moved your data, make sure your configured node id matches. If you intend to create a new node, you should remove all data in your data directories.
	at org.apache.kafka.metadata.properties.MetaPropertiesEnsemble.verify(MetaPropertiesEnsemble.java:513)
	at kafka.server.KafkaServer.startup(KafkaServer.scala:258)
	at kafka.Kafka$.main(Kafka.scala:112)
	at kafka.Kafka.main(Kafka.scala)
[2025-09-03 01:40:23,155] INFO shutting down (kafka.server.KafkaServer)
[2025-09-03 01:47:29,996] INFO Registered kafka:type=kafka.Log4jController MBean (kafka.utils.Log4jControllerRegistration$)
[2025-09-03 01:47:30,470] INFO Setting -D jdk.tls.rejectClientInitiatedRenegotiation=true to disable client-initiated TLS renegotiation (org.apache.zookeeper.common.X509Util)
[2025-09-03 01:47:30,651] INFO starting (kafka.server.KafkaServer)
[2025-09-03 01:47:30,653] INFO Connecting to zookeeper on localhost:2181 (kafka.server.KafkaServer)
[2025-09-03 01:47:30,701] INFO [ZooKeeperClient Kafka server] Initializing a new session to localhost:2181. (kafka.zookeeper.ZooKeeperClient)
[2025-09-03 01:47:30,712] INFO Client environment:zookeeper.version=3.8.4-9316c2a7a97e1666d8f4593f34dd6fc36ecc436c, built on 2024-02-12 22:16 UTC (org.apache.zookeeper.ZooKeeper)
[2025-09-03 01:47:30,713] INFO Client environment:host.name=OMPRAKASH (org.apache.zookeeper.ZooKeeper)
[2025-09-03 01:47:30,713] INFO Client environment:java.version=23 (org.apache.zookeeper.ZooKeeper)
[2025-09-03 01:47:30,713] INFO Client environment:java.vendor=Oracle Corporation (org.apache.zookeeper.ZooKeeper)
[2025-09-03 01:47:30,714] INFO Client environment:java.home=C:\Program Files\Java\jdk-23 (org.apache.zookeeper.ZooKeeper)
[2025-09-03 01:47:30,715] INFO Client environment:java.class.path=E:\kafka_2.13-3.9.1_Copy\libs\activation-1.1.1.jar;E:\kafka_2.13-3.9.1_Copy\libs\aopalliance-repackaged-2.6.1.jar;E:\kafka_2.13-3.9.1_Copy\libs\argparse4j-0.7.0.jar;E:\kafka_2.13-3.9.1_Copy\libs\audience-annotations-0.12.0.jar;E:\kafka_2.13-3.9.1_Copy\libs\caffeine-2.9.3.jar;E:\kafka_2.13-3.9.1_Copy\libs\commons-beanutils-1.9.4.jar;E:\kafka_2.13-3.9.1_Copy\libs\commons-cli-1.4.jar;E:\kafka_2.13-3.9.1_Copy\libs\commons-collections-3.2.2.jar;E:\kafka_2.13-3.9.1_Copy\libs\commons-digester-2.1.jar;E:\kafka_2.13-3.9.1_Copy\libs\commons-io-2.14.0.jar;E:\kafka_2.13-3.9.1_Copy\libs\commons-lang3-3.12.0.jar;E:\kafka_2.13-3.9.1_Copy\libs\commons-logging-1.2.jar;E:\kafka_2.13-3.9.1_Copy\libs\commons-validator-1.7.jar;E:\kafka_2.13-3.9.1_Copy\libs\connect-api-3.9.1.jar;E:\kafka_2.13-3.9.1_Copy\libs\connect-basic-auth-extension-3.9.1.jar;E:\kafka_2.13-3.9.1_Copy\libs\connect-file-3.9.1.jar;E:\kafka_2.13-3.9.1_Copy\libs\connect-json-3.9.1.jar;E:\kafka_2.13-3.9.1_Copy\libs\connect-mirror-3.9.1.jar;E:\kafka_2.13-3.9.1_Copy\libs\connect-mirror-client-3.9.1.jar;E:\kafka_2.13-3.9.1_Copy\libs\connect-runtime-3.9.1.jar;E:\kafka_2.13-3.9.1_Copy\libs\connect-transforms-3.9.1.jar;E:\kafka_2.13-3.9.1_Copy\libs\error_prone_annotations-2.10.0.jar;E:\kafka_2.13-3.9.1_Copy\libs\hk2-api-2.6.1.jar;E:\kafka_2.13-3.9.1_Copy\libs\hk2-locator-2.6.1.jar;E:\kafka_2.13-3.9.1_Copy\libs\hk2-utils-2.6.1.jar;E:\kafka_2.13-3.9.1_Copy\libs\jackson-annotations-2.16.2.jar;E:\kafka_2.13-3.9.1_Copy\libs\jackson-core-2.16.2.jar;E:\kafka_2.13-3.9.1_Copy\libs\jackson-databind-2.16.2.jar;E:\kafka_2.13-3.9.1_Copy\libs\jackson-dataformat-csv-2.16.2.jar;E:\kafka_2.13-3.9.1_Copy\libs\jackson-datatype-jdk8-2.16.2.jar;E:\kafka_2.13-3.9.1_Copy\libs\jackson-jaxrs-base-2.16.2.jar;E:\kafka_2.13-3.9.1_Copy\libs\jackson-jaxrs-json-provider-2.16.2.jar;E:\kafka_2.13-3.9.1_Copy\libs\jackson-module-afterburner-2.16.2.jar;E:\kafka_2.13-3.9.1_Copy\libs\jackson-module-jaxb-annotations-2.16.2.jar;E:\kafka_2.13-3.9.1_Copy\libs\jackson-module-scala_2.13-2.16.2.jar;E:\kafka_2.13-3.9.1_Copy\libs\jakarta.activation-api-1.2.2.jar;E:\kafka_2.13-3.9.1_Copy\libs\jakarta.annotation-api-1.3.5.jar;E:\kafka_2.13-3.9.1_Copy\libs\jakarta.inject-2.6.1.jar;E:\kafka_2.13-3.9.1_Copy\libs\jakarta.validation-api-2.0.2.jar;E:\kafka_2.13-3.9.1_Copy\libs\jakarta.ws.rs-api-2.1.6.jar;E:\kafka_2.13-3.9.1_Copy\libs\jakarta.xml.bind-api-2.3.3.jar;E:\kafka_2.13-3.9.1_Copy\libs\javassist-3.29.2-GA.jar;E:\kafka_2.13-3.9.1_Copy\libs\javax.activation-api-1.2.0.jar;E:\kafka_2.13-3.9.1_Copy\libs\javax.annotation-api-1.3.2.jar;E:\kafka_2.13-3.9.1_Copy\libs\javax.servlet-api-3.1.0.jar;E:\kafka_2.13-3.9.1_Copy\libs\javax.ws.rs-api-2.1.1.jar;E:\kafka_2.13-3.9.1_Copy\libs\jaxb-api-2.3.1.jar;E:\kafka_2.13-3.9.1_Copy\libs\jersey-client-2.39.1.jar;E:\kafka_2.13-3.9.1_Copy\libs\jersey-common-2.39.1.jar;E:\kafka_2.13-3.9.1_Copy\libs\jersey-container-servlet-2.39.1.jar;E:\kafka_2.13-3.9.1_Copy\libs\jersey-container-servlet-core-2.39.1.jar;E:\kafka_2.13-3.9.1_Copy\libs\jersey-hk2-2.39.1.jar;E:\kafka_2.13-3.9.1_Copy\libs\jersey-server-2.39.1.jar;E:\kafka_2.13-3.9.1_Copy\libs\jetty-client-9.4.57.v20241219.jar;E:\kafka_2.13-3.9.1_Copy\libs\jetty-continuation-9.4.57.v20241219.jar;E:\kafka_2.13-3.9.1_Copy\libs\jetty-http-9.4.57.v20241219.jar;E:\kafka_2.13-3.9.1_Copy\libs\jetty-io-9.4.57.v20241219.jar;E:\kafka_2.13-3.9.1_Copy\libs\jetty-security-9.4.57.v20241219.jar;E:\kafka_2.13-3.9.1_Copy\libs\jetty-server-9.4.57.v20241219.jar;E:\kafka_2.13-3.9.1_Copy\libs\jetty-servlet-9.4.57.v20241219.jar;E:\kafka_2.13-3.9.1_Copy\libs\jetty-servlets-9.4.57.v20241219.jar;E:\kafka_2.13-3.9.1_Copy\libs\jetty-util-9.4.57.v20241219.jar;E:\kafka_2.13-3.9.1_Copy\libs\jetty-util-ajax-9.4.57.v20241219.jar;E:\kafka_2.13-3.9.1_Copy\libs\jline-3.25.1.jar;E:\kafka_2.13-3.9.1_Copy\libs\jopt-simple-5.0.4.jar;E:\kafka_2.13-3.9.1_Copy\libs\jose4j-0.9.4.jar;E:\kafka_2.13-3.9.1_Copy\libs\jsr305-3.0.2.jar;E:\kafka_2.13-3.9.1_Copy\libs\kafka-clients-3.9.1.jar;E:\kafka_2.13-3.9.1_Copy\libs\kafka-group-coordinator-3.9.1.jar;E:\kafka_2.13-3.9.1_Copy\libs\kafka-group-coordinator-api-3.9.1.jar;E:\kafka_2.13-3.9.1_Copy\libs\kafka-metadata-3.9.1.jar;E:\kafka_2.13-3.9.1_Copy\libs\kafka-raft-3.9.1.jar;E:\kafka_2.13-3.9.1_Copy\libs\kafka-server-3.9.1.jar;E:\kafka_2.13-3.9.1_Copy\libs\kafka-server-common-3.9.1.jar;E:\kafka_2.13-3.9.1_Copy\libs\kafka-shell-3.9.1.jar;E:\kafka_2.13-3.9.1_Copy\libs\kafka-storage-3.9.1.jar;E:\kafka_2.13-3.9.1_Copy\libs\kafka-storage-api-3.9.1.jar;E:\kafka_2.13-3.9.1_Copy\libs\kafka-streams-3.9.1.jar;E:\kafka_2.13-3.9.1_Copy\libs\kafka-streams-examples-3.9.1.jar;E:\kafka_2.13-3.9.1_Copy\libs\kafka-streams-scala_2.13-3.9.1.jar;E:\kafka_2.13-3.9.1_Copy\libs\kafka-streams-test-utils-3.9.1.jar;E:\kafka_2.13-3.9.1_Copy\libs\kafka-tools-3.9.1.jar;E:\kafka_2.13-3.9.1_Copy\libs\kafka-tools-api-3.9.1.jar;E:\kafka_2.13-3.9.1_Copy\libs\kafka-transaction-coordinator-3.9.1.jar;E:\kafka_2.13-3.9.1_Copy\libs\kafka_2.13-3.9.1.jar;E:\kafka_2.13-3.9.1_Copy\libs\lz4-java-1.8.0.jar;E:\kafka_2.13-3.9.1_Copy\libs\maven-artifact-3.9.6.jar;E:\kafka_2.13-3.9.1_Copy\libs\metrics-core-2.2.0.jar;E:\kafka_2.13-3.9.1_Copy\libs\metrics-core-4.1.12.1.jar;E:\kafka_2.13-3.9.1_Copy\libs\netty-buffer-4.1.119.Final.jar;E:\kafka_2.13-3.9.1_Copy\libs\netty-codec-4.1.119.Final.jar;E:\kafka_2.13-3.9.1_Copy\libs\netty-common-4.1.119.Final.jar;E:\kafka_2.13-3.9.1_Copy\libs\netty-handler-4.1.119.Final.jar;E:\kafka_2.13-3.9.1_Copy\libs\netty-resolver-4.1.119.Final.jar;E:\kafka_2.13-3.9.1_Copy\libs\netty-transport-4.1.119.Final.jar;E:\kafka_2.13-3.9.1_Copy\libs\netty-transport-classes-epoll-4.1.119.Final.jar;E:\kafka_2.13-3.9.1_Copy\libs\netty-transport-native-epoll-4.1.119.Final.jar;E:\kafka_2.13-3.9.1_Copy\libs\netty-transport-native-unix-common-4.1.119.Final.jar;E:\kafka_2.13-3.9.1_Copy\libs\opentelemetry-proto-1.0.0-alpha.jar;E:\kafka_2.13-3.9.1_Copy\libs\osgi-resource-locator-1.0.3.jar;E:\kafka_2.13-3.9.1_Copy\libs\paranamer-2.8.jar;E:\kafka_2.13-3.9.1_Copy\libs\pcollections-4.0.1.jar;E:\kafka_2.13-3.9.1_Copy\libs\plexus-utils-3.5.1.jar;E:\kafka_2.13-3.9.1_Copy\libs\protobuf-java-3.25.5.jar;E:\kafka_2.13-3.9.1_Copy\libs\reflections-0.10.2.jar;E:\kafka_2.13-3.9.1_Copy\libs\reload4j-1.2.25.jar;E:\kafka_2.13-3.9.1_Copy\libs\rocksdbjni-7.9.2.jar;E:\kafka_2.13-3.9.1_Copy\libs\scala-collection-compat_2.13-2.10.0.jar;E:\kafka_2.13-3.9.1_Copy\libs\scala-java8-compat_2.13-1.0.2.jar;E:\kafka_2.13-3.9.1_Copy\libs\scala-library-2.13.15.jar;E:\kafka_2.13-3.9.1_Copy\libs\scala-logging_2.13-3.9.5.jar;E:\kafka_2.13-3.9.1_Copy\libs\scala-reflect-2.13.15.jar;E:\kafka_2.13-3.9.1_Copy\libs\slf4j-api-1.7.36.jar;E:\kafka_2.13-3.9.1_Copy\libs\slf4j-reload4j-1.7.36.jar;E:\kafka_2.13-3.9.1_Copy\libs\snappy-java-1.1.10.5.jar;E:\kafka_2.13-3.9.1_Copy\libs\swagger-annotations-2.2.8.jar;E:\kafka_2.13-3.9.1_Copy\libs\trogdor-3.9.1.jar;E:\kafka_2.13-3.9.1_Copy\libs\zookeeper-3.8.4.jar;E:\kafka_2.13-3.9.1_Copy\libs\zookeeper-jute-3.8.4.jar;E:\kafka_2.13-3.9.1_Copy\libs\zstd-jni-1.5.6-4.jar (org.apache.zookeeper.ZooKeeper)
[2025-09-03 01:47:30,719] INFO Client environment:java.library.path=C:\Program Files\Java\jdk-23\bin;C:\WINDOWS\Sun\Java\bin;C:\WINDOWS\system32;C:\WINDOWS;C:\Program Files\Common Files\Oracle\Java\javapath;C:\windows\system32;C:\windows;C:\windows\System32\Wbem;C:\windows\System32\WindowsPowerShell\v1.0\;C:\windows\System32\OpenSSH\;C:\Program Files\HP\HP One Agent;C:\Program Files\Java\jdk-23\bin;C:\Program Files\Python313;C:\Program Files\Python313\Scripts;C:\WINDOWS\system32;C:\WINDOWS;C:\WINDOWS\System32\Wbem;C:\WINDOWS\System32\WindowsPowerShell\v1.0\;C:\WINDOWS\System32\OpenSSH\;C:\Program Files\nodejs\;C:\Program Files\MySQL\MySQL Server 8.0\bin;C:\Program Files\Git\cmd;C:\Program Files\Docker\Docker\resources\bin;C:\Users\ompra\AppData\Local\Programs\Python\Python311\Scripts\;C:\Users\ompra\AppData\Local\Programs\Python\Python311\;C:\Users\ompra\AppData\Local\Microsoft\WindowsApps;C:\Program Files\Python313;C:\Program Files\Python313\Scripts;C:\Users\ompra\AppData\Local\Programs\Microsoft VS Code\bin;C:\Users\ompra\AppData\Roaming\npm;. (org.apache.zookeeper.ZooKeeper)
[2025-09-03 01:47:30,721] INFO Client environment:java.io.tmpdir=C:\Users\ompra\AppData\Local\Temp\ (org.apache.zookeeper.ZooKeeper)
[2025-09-03 01:47:30,722] INFO Client environment:java.compiler=<NA> (org.apache.zookeeper.ZooKeeper)
[2025-09-03 01:47:30,723] INFO Client environment:os.name=Windows 11 (org.apache.zookeeper.ZooKeeper)
[2025-09-03 01:47:30,723] INFO Client environment:os.arch=amd64 (org.apache.zookeeper.ZooKeeper)
[2025-09-03 01:47:30,723] INFO Client environment:os.version=10.0 (org.apache.zookeeper.ZooKeeper)
[2025-09-03 01:47:30,723] INFO Client environment:user.name=ompra (org.apache.zookeeper.ZooKeeper)
[2025-09-03 01:47:30,723] INFO Client environment:user.home=C:\Users\ompra (org.apache.zookeeper.ZooKeeper)
[2025-09-03 01:47:30,724] INFO Client environment:user.dir=E:\kafka_2.13-3.9.1_Copy (org.apache.zookeeper.ZooKeeper)
[2025-09-03 01:47:30,724] INFO Client environment:os.memory.free=981MB (org.apache.zookeeper.ZooKeeper)
[2025-09-03 01:47:30,724] INFO Client environment:os.memory.max=1024MB (org.apache.zookeeper.ZooKeeper)
[2025-09-03 01:47:30,725] INFO Client environment:os.memory.total=1024MB (org.apache.zookeeper.ZooKeeper)
[2025-09-03 01:47:30,729] INFO Initiating client connection, connectString=localhost:2181 sessionTimeout=18000 watcher=kafka.zookeeper.ZooKeeperClient$ZooKeeperClientWatcher$@27d5a580 (org.apache.zookeeper.ZooKeeper)
[2025-09-03 01:47:30,806] INFO jute.maxbuffer value is 4194304 Bytes (org.apache.zookeeper.ClientCnxnSocket)
[2025-09-03 01:47:30,820] INFO zookeeper.request.timeout value is 0. feature enabled=false (org.apache.zookeeper.ClientCnxn)
[2025-09-03 01:47:30,824] INFO [ZooKeeperClient Kafka server] Waiting until connected. (kafka.zookeeper.ZooKeeperClient)
[2025-09-03 01:47:30,826] INFO Opening socket connection to server localhost/127.0.0.1:2181. (org.apache.zookeeper.ClientCnxn)
[2025-09-03 01:47:30,831] INFO Socket connection established, initiating session, client: /127.0.0.1:52925, server: localhost/127.0.0.1:2181 (org.apache.zookeeper.ClientCnxn)
[2025-09-03 01:47:30,845] INFO Session establishment complete on server localhost/127.0.0.1:2181, session id = 0x100211cacbe0001, negotiated timeout = 18000 (org.apache.zookeeper.ClientCnxn)
[2025-09-03 01:47:30,852] INFO [ZooKeeperClient Kafka server] Connected. (kafka.zookeeper.ZooKeeperClient)
[2025-09-03 01:47:31,278] INFO Cluster ID = 5CA_QwAhTquAEtw0fGbvsA (kafka.server.KafkaServer)
[2025-09-03 01:47:31,397] INFO KafkaConfig values: 
	advertised.listeners = null
	alter.config.policy.class.name = null
	alter.log.dirs.replication.quota.window.num = 11
	alter.log.dirs.replication.quota.window.size.seconds = 1
	authorizer.class.name = 
	auto.create.topics.enable = true
	auto.include.jmx.reporter = true
	auto.leader.rebalance.enable = true
	background.threads = 10
	broker.heartbeat.interval.ms = 2000
	broker.id = 111
	broker.id.generation.enable = true
	broker.rack = null
	broker.session.timeout.ms = 9000
	client.quota.callback.class = null
	compression.gzip.level = -1
	compression.lz4.level = 9
	compression.type = producer
	compression.zstd.level = 3
	connection.failed.authentication.delay.ms = 100
	connections.max.idle.ms = 600000
	connections.max.reauth.ms = 0
	control.plane.listener.name = null
	controlled.shutdown.enable = true
	controlled.shutdown.max.retries = 3
	controlled.shutdown.retry.backoff.ms = 5000
	controller.listener.names = null
	controller.quorum.append.linger.ms = 25
	controller.quorum.bootstrap.servers = []
	controller.quorum.election.backoff.max.ms = 1000
	controller.quorum.election.timeout.ms = 1000
	controller.quorum.fetch.timeout.ms = 2000
	controller.quorum.request.timeout.ms = 2000
	controller.quorum.retry.backoff.ms = 20
	controller.quorum.voters = []
	controller.quota.window.num = 11
	controller.quota.window.size.seconds = 1
	controller.socket.timeout.ms = 30000
	create.topic.policy.class.name = null
	default.replication.factor = 1
	delegation.token.expiry.check.interval.ms = 3600000
	delegation.token.expiry.time.ms = 86400000
	delegation.token.master.key = null
	delegation.token.max.lifetime.ms = 604800000
	delegation.token.secret.key = null
	delete.records.purgatory.purge.interval.requests = 1
	delete.topic.enable = true
	early.start.listeners = null
	eligible.leader.replicas.enable = false
	fetch.max.bytes = 57671680
	fetch.purgatory.purge.interval.requests = 1000
	group.consumer.assignors = [org.apache.kafka.coordinator.group.assignor.UniformAssignor, org.apache.kafka.coordinator.group.assignor.RangeAssignor]
	group.consumer.heartbeat.interval.ms = 5000
	group.consumer.max.heartbeat.interval.ms = 15000
	group.consumer.max.session.timeout.ms = 60000
	group.consumer.max.size = 2147483647
	group.consumer.migration.policy = disabled
	group.consumer.min.heartbeat.interval.ms = 5000
	group.consumer.min.session.timeout.ms = 45000
	group.consumer.session.timeout.ms = 45000
	group.coordinator.append.linger.ms = 10
	group.coordinator.new.enable = false
	group.coordinator.rebalance.protocols = [classic]
	group.coordinator.threads = 1
	group.initial.rebalance.delay.ms = 0
	group.max.session.timeout.ms = 1800000
	group.max.size = 2147483647
	group.min.session.timeout.ms = 6000
	group.share.delivery.count.limit = 5
	group.share.enable = false
	group.share.heartbeat.interval.ms = 5000
	group.share.max.groups = 10
	group.share.max.heartbeat.interval.ms = 15000
	group.share.max.record.lock.duration.ms = 60000
	group.share.max.session.timeout.ms = 60000
	group.share.max.size = 200
	group.share.min.heartbeat.interval.ms = 5000
	group.share.min.record.lock.duration.ms = 15000
	group.share.min.session.timeout.ms = 45000
	group.share.partition.max.record.locks = 200
	group.share.record.lock.duration.ms = 30000
	group.share.session.timeout.ms = 45000
	initial.broker.registration.timeout.ms = 60000
	inter.broker.listener.name = null
	inter.broker.protocol.version = 3.9-IV0
	kafka.metrics.polling.interval.secs = 10
	kafka.metrics.reporters = []
	leader.imbalance.check.interval.seconds = 300
	leader.imbalance.per.broker.percentage = 10
	listener.security.protocol.map = SASL_SSL:SASL_SSL,PLAINTEXT:PLAINTEXT,SSL:SSL,SASL_PLAINTEXT:SASL_PLAINTEXT
	listeners = PLAINTEXT://:9095
	log.cleaner.backoff.ms = 15000
	log.cleaner.dedupe.buffer.size = 134217728
	log.cleaner.delete.retention.ms = 86400000
	log.cleaner.enable = true
	log.cleaner.io.buffer.load.factor = 0.9
	log.cleaner.io.buffer.size = 524288
	log.cleaner.io.max.bytes.per.second = 1.7976931348623157E308
	log.cleaner.max.compaction.lag.ms = 9223372036854775807
	log.cleaner.min.cleanable.ratio = 0.5
	log.cleaner.min.compaction.lag.ms = 0
	log.cleaner.threads = 1
	log.cleanup.policy = [delete]
	log.dir = /tmp/kafka-logs
	log.dir.failure.timeout.ms = 30000
	log.dirs = E:/kafka_2.13-3.9.1/config//kafka-logs-111
	log.flush.interval.messages = 9223372036854775807
	log.flush.interval.ms = null
	log.flush.offset.checkpoint.interval.ms = 60000
	log.flush.scheduler.interval.ms = 9223372036854775807
	log.flush.start.offset.checkpoint.interval.ms = 60000
	log.index.interval.bytes = 4096
	log.index.size.max.bytes = 10485760
	log.initial.task.delay.ms = 30000
	log.local.retention.bytes = -2
	log.local.retention.ms = -2
	log.message.downconversion.enable = true
	log.message.format.version = 3.0-IV1
	log.message.timestamp.after.max.ms = 9223372036854775807
	log.message.timestamp.before.max.ms = 9223372036854775807
	log.message.timestamp.difference.max.ms = 9223372036854775807
	log.message.timestamp.type = CreateTime
	log.preallocate = false
	log.retention.bytes = -1
	log.retention.check.interval.ms = 300000
	log.retention.hours = 168
	log.retention.minutes = null
	log.retention.ms = null
	log.roll.hours = 168
	log.roll.jitter.hours = 0
	log.roll.jitter.ms = null
	log.roll.ms = null
	log.segment.bytes = 1073741824
	log.segment.delete.delay.ms = 60000
	max.connection.creation.rate = 2147483647
	max.connections = 2147483647
	max.connections.per.ip = 2147483647
	max.connections.per.ip.overrides = 
	max.incremental.fetch.session.cache.slots = 1000
	max.request.partition.size.limit = 2000
	message.max.bytes = 1048588
	metadata.log.dir = null
	metadata.log.max.record.bytes.between.snapshots = 20971520
	metadata.log.max.snapshot.interval.ms = 3600000
	metadata.log.segment.bytes = 1073741824
	metadata.log.segment.min.bytes = 8388608
	metadata.log.segment.ms = 604800000
	metadata.max.idle.interval.ms = 500
	metadata.max.retention.bytes = 104857600
	metadata.max.retention.ms = 604800000
	metric.reporters = []
	metrics.num.samples = 2
	metrics.recording.level = INFO
	metrics.sample.window.ms = 30000
	min.insync.replicas = 1
	node.id = 111
	num.io.threads = 8
	num.network.threads = 3
	num.partitions = 1
	num.recovery.threads.per.data.dir = 1
	num.replica.alter.log.dirs.threads = null
	num.replica.fetchers = 1
	offset.metadata.max.bytes = 4096
	offsets.commit.required.acks = -1
	offsets.commit.timeout.ms = 5000
	offsets.load.buffer.size = 5242880
	offsets.retention.check.interval.ms = 600000
	offsets.retention.minutes = 10080
	offsets.topic.compression.codec = 0
	offsets.topic.num.partitions = 50
	offsets.topic.replication.factor = 1
	offsets.topic.segment.bytes = 104857600
	password.encoder.cipher.algorithm = AES/CBC/PKCS5Padding
	password.encoder.iterations = 4096
	password.encoder.key.length = 128
	password.encoder.keyfactory.algorithm = null
	password.encoder.old.secret = null
	password.encoder.secret = null
	principal.builder.class = class org.apache.kafka.common.security.authenticator.DefaultKafkaPrincipalBuilder
	process.roles = []
	producer.id.expiration.check.interval.ms = 600000
	producer.id.expiration.ms = 86400000
	producer.purgatory.purge.interval.requests = 1000
	queued.max.request.bytes = -1
	queued.max.requests = 500
	quota.window.num = 11
	quota.window.size.seconds = 1
	remote.fetch.max.wait.ms = 500
	remote.log.index.file.cache.total.size.bytes = 1073741824
	remote.log.manager.copier.thread.pool.size = -1
	remote.log.manager.copy.max.bytes.per.second = 9223372036854775807
	remote.log.manager.copy.quota.window.num = 11
	remote.log.manager.copy.quota.window.size.seconds = 1
	remote.log.manager.expiration.thread.pool.size = -1
	remote.log.manager.fetch.max.bytes.per.second = 9223372036854775807
	remote.log.manager.fetch.quota.window.num = 11
	remote.log.manager.fetch.quota.window.size.seconds = 1
	remote.log.manager.task.interval.ms = 30000
	remote.log.manager.task.retry.backoff.max.ms = 30000
	remote.log.manager.task.retry.backoff.ms = 500
	remote.log.manager.task.retry.jitter = 0.2
	remote.log.manager.thread.pool.size = 10
	remote.log.metadata.custom.metadata.max.bytes = 128
	remote.log.metadata.manager.class.name = org.apache.kafka.server.log.remote.metadata.storage.TopicBasedRemoteLogMetadataManager
	remote.log.metadata.manager.class.path = null
	remote.log.metadata.manager.impl.prefix = rlmm.config.
	remote.log.metadata.manager.listener.name = null
	remote.log.reader.max.pending.tasks = 100
	remote.log.reader.threads = 10
	remote.log.storage.manager.class.name = null
	remote.log.storage.manager.class.path = null
	remote.log.storage.manager.impl.prefix = rsm.config.
	remote.log.storage.system.enable = false
	replica.fetch.backoff.ms = 1000
	replica.fetch.max.bytes = 1048576
	replica.fetch.min.bytes = 1
	replica.fetch.response.max.bytes = 10485760
	replica.fetch.wait.max.ms = 500
	replica.high.watermark.checkpoint.interval.ms = 5000
	replica.lag.time.max.ms = 30000
	replica.selector.class = null
	replica.socket.receive.buffer.bytes = 65536
	replica.socket.timeout.ms = 30000
	replication.quota.window.num = 11
	replication.quota.window.size.seconds = 1
	request.timeout.ms = 30000
	reserved.broker.max.id = 1000
	sasl.client.callback.handler.class = null
	sasl.enabled.mechanisms = [GSSAPI]
	sasl.jaas.config = null
	sasl.kerberos.kinit.cmd = /usr/bin/kinit
	sasl.kerberos.min.time.before.relogin = 60000
	sasl.kerberos.principal.to.local.rules = [DEFAULT]
	sasl.kerberos.service.name = null
	sasl.kerberos.ticket.renew.jitter = 0.05
	sasl.kerberos.ticket.renew.window.factor = 0.8
	sasl.login.callback.handler.class = null
	sasl.login.class = null
	sasl.login.connect.timeout.ms = null
	sasl.login.read.timeout.ms = null
	sasl.login.refresh.buffer.seconds = 300
	sasl.login.refresh.min.period.seconds = 60
	sasl.login.refresh.window.factor = 0.8
	sasl.login.refresh.window.jitter = 0.05
	sasl.login.retry.backoff.max.ms = 10000
	sasl.login.retry.backoff.ms = 100
	sasl.mechanism.controller.protocol = GSSAPI
	sasl.mechanism.inter.broker.protocol = GSSAPI
	sasl.oauthbearer.clock.skew.seconds = 30
	sasl.oauthbearer.expected.audience = null
	sasl.oauthbearer.expected.issuer = null
	sasl.oauthbearer.jwks.endpoint.refresh.ms = 3600000
	sasl.oauthbearer.jwks.endpoint.retry.backoff.max.ms = 10000
	sasl.oauthbearer.jwks.endpoint.retry.backoff.ms = 100
	sasl.oauthbearer.jwks.endpoint.url = null
	sasl.oauthbearer.scope.claim.name = scope
	sasl.oauthbearer.sub.claim.name = sub
	sasl.oauthbearer.token.endpoint.url = null
	sasl.server.callback.handler.class = null
	sasl.server.max.receive.size = 524288
	security.inter.broker.protocol = PLAINTEXT
	security.providers = null
	server.max.startup.time.ms = 9223372036854775807
	socket.connection.setup.timeout.max.ms = 30000
	socket.connection.setup.timeout.ms = 10000
	socket.listen.backlog.size = 50
	socket.receive.buffer.bytes = 102400
	socket.request.max.bytes = 104857600
	socket.send.buffer.bytes = 102400
	ssl.allow.dn.changes = false
	ssl.allow.san.changes = false
	ssl.cipher.suites = []
	ssl.client.auth = none
	ssl.enabled.protocols = [TLSv1.2, TLSv1.3]
	ssl.endpoint.identification.algorithm = https
	ssl.engine.factory.class = null
	ssl.key.password = null
	ssl.keymanager.algorithm = SunX509
	ssl.keystore.certificate.chain = null
	ssl.keystore.key = null
	ssl.keystore.location = null
	ssl.keystore.password = null
	ssl.keystore.type = JKS
	ssl.principal.mapping.rules = DEFAULT
	ssl.protocol = TLSv1.3
	ssl.provider = null
	ssl.secure.random.implementation = null
	ssl.trustmanager.algorithm = PKIX
	ssl.truststore.certificates = null
	ssl.truststore.location = null
	ssl.truststore.password = null
	ssl.truststore.type = JKS
	telemetry.max.bytes = 1048576
	transaction.abort.timed.out.transaction.cleanup.interval.ms = 10000
	transaction.max.timeout.ms = 900000
	transaction.partition.verification.enable = true
	transaction.remove.expired.transaction.cleanup.interval.ms = 3600000
	transaction.state.log.load.buffer.size = 5242880
	transaction.state.log.min.isr = 1
	transaction.state.log.num.partitions = 50
	transaction.state.log.replication.factor = 1
	transaction.state.log.segment.bytes = 104857600
	transactional.id.expiration.ms = 604800000
	unclean.leader.election.enable = false
	unclean.leader.election.interval.ms = 300000
	unstable.api.versions.enable = false
	unstable.feature.versions.enable = false
	zookeeper.clientCnxnSocket = null
	zookeeper.connect = localhost:2181
	zookeeper.connection.timeout.ms = 18000
	zookeeper.max.in.flight.requests = 10
	zookeeper.metadata.migration.enable = false
	zookeeper.metadata.migration.min.batch.size = 200
	zookeeper.session.timeout.ms = 18000
	zookeeper.set.acl = false
	zookeeper.ssl.cipher.suites = null
	zookeeper.ssl.client.enable = false
	zookeeper.ssl.crl.enable = false
	zookeeper.ssl.enabled.protocols = null
	zookeeper.ssl.endpoint.identification.algorithm = HTTPS
	zookeeper.ssl.keystore.location = null
	zookeeper.ssl.keystore.password = null
	zookeeper.ssl.keystore.type = null
	zookeeper.ssl.ocsp.enable = false
	zookeeper.ssl.protocol = TLSv1.2
	zookeeper.ssl.truststore.location = null
	zookeeper.ssl.truststore.password = null
	zookeeper.ssl.truststore.type = null
 (kafka.server.KafkaConfig)
[2025-09-03 01:47:31,475] INFO [ThrottledChannelReaper-Fetch]: Starting (kafka.server.ClientQuotaManager$ThrottledChannelReaper)
[2025-09-03 01:47:31,475] INFO [ThrottledChannelReaper-Produce]: Starting (kafka.server.ClientQuotaManager$ThrottledChannelReaper)
[2025-09-03 01:47:31,478] INFO [ThrottledChannelReaper-Request]: Starting (kafka.server.ClientQuotaManager$ThrottledChannelReaper)
[2025-09-03 01:47:31,487] INFO [ThrottledChannelReaper-ControllerMutation]: Starting (kafka.server.ClientQuotaManager$ThrottledChannelReaper)
[2025-09-03 01:47:31,504] INFO [KafkaServer id=111] Rewriting E:/kafka_2.13-3.9.1/config//kafka-logs-111\meta.properties (kafka.server.KafkaServer)
[2025-09-03 01:47:31,656] INFO Loading logs from log dirs ArrayBuffer(E:\kafka_2.13-3.9.1\config\kafka-logs-111) (kafka.log.LogManager)
[2025-09-03 01:47:31,671] INFO No logs found to be loaded in E:\kafka_2.13-3.9.1\config\kafka-logs-111 (kafka.log.LogManager)
[2025-09-03 01:47:31,696] INFO Loaded 0 logs in 38ms (kafka.log.LogManager)
[2025-09-03 01:47:31,699] INFO Starting log cleanup with a period of 300000 ms. (kafka.log.LogManager)
[2025-09-03 01:47:31,701] INFO Starting log flusher with a default period of 9223372036854775807 ms. (kafka.log.LogManager)
[2025-09-03 01:47:31,776] INFO [kafka-log-cleaner-thread-0]: Starting (kafka.log.LogCleaner$CleanerThread)
[2025-09-03 01:47:31,819] INFO [feature-zk-node-event-process-thread]: Starting (kafka.server.FinalizedFeatureChangeListener$ChangeNotificationProcessorThread)
[2025-09-03 01:47:31,858] INFO [MetadataCache brokerId=111] Updated cache from existing None to latest Features(metadataVersion=3.9-IV0, finalizedFeatures={}, finalizedFeaturesEpoch=0). (kafka.server.metadata.ZkMetadataCache)
[2025-09-03 01:47:31,925] INFO [zk-broker-111-to-controller-forwarding-channel-manager]: Starting (kafka.server.NodeToControllerRequestThread)
[2025-09-03 01:47:32,888] INFO Updated connection-accept-rate max connection creation rate to 2147483647 (kafka.network.ConnectionQuotas)
[2025-09-03 01:47:32,941] INFO [SocketServer listenerType=ZK_BROKER, nodeId=111] Created data-plane acceptor and processors for endpoint : ListenerName(PLAINTEXT) (kafka.network.SocketServer)
[2025-09-03 01:47:32,957] INFO [zk-broker-111-to-controller-alter-partition-channel-manager]: Starting (kafka.server.NodeToControllerRequestThread)
[2025-09-03 01:47:33,024] INFO [ExpirationReaper-111-Produce]: Starting (kafka.server.DelayedOperationPurgatory$ExpiredOperationReaper)
[2025-09-03 01:47:33,026] INFO [ExpirationReaper-111-Fetch]: Starting (kafka.server.DelayedOperationPurgatory$ExpiredOperationReaper)
[2025-09-03 01:47:33,029] INFO [ExpirationReaper-111-DeleteRecords]: Starting (kafka.server.DelayedOperationPurgatory$ExpiredOperationReaper)
[2025-09-03 01:47:33,031] INFO [ExpirationReaper-111-ElectLeader]: Starting (kafka.server.DelayedOperationPurgatory$ExpiredOperationReaper)
[2025-09-03 01:47:33,036] INFO [ExpirationReaper-111-RemoteFetch]: Starting (kafka.server.DelayedOperationPurgatory$ExpiredOperationReaper)
[2025-09-03 01:47:33,096] INFO [LogDirFailureHandler]: Starting (kafka.server.ReplicaManager$LogDirFailureHandler)
[2025-09-03 01:47:33,102] INFO [AddPartitionsToTxnSenderThread-111]: Starting (kafka.server.AddPartitionsToTxnManager)
[2025-09-03 01:47:33,242] INFO Creating /brokers/ids/111 (is it secure? false) (kafka.zk.KafkaZkClient)
[2025-09-03 01:47:33,283] INFO Stat of the created znode at /brokers/ids/111 is: 101,101,1756844253268,1756844253268,1,0,0,72094001078861825,202,0,101
 (kafka.zk.KafkaZkClient)
[2025-09-03 01:47:33,287] INFO Registered broker 111 at path /brokers/ids/111 with addresses: PLAINTEXT://OMPRAKASH:9095, czxid (broker epoch): 101 (kafka.zk.KafkaZkClient)
[2025-09-03 01:47:33,420] INFO [ExpirationReaper-111-topic]: Starting (kafka.server.DelayedOperationPurgatory$ExpiredOperationReaper)
[2025-09-03 01:47:33,450] INFO [ExpirationReaper-111-Heartbeat]: Starting (kafka.server.DelayedOperationPurgatory$ExpiredOperationReaper)
[2025-09-03 01:47:33,451] INFO [ExpirationReaper-111-Rebalance]: Starting (kafka.server.DelayedOperationPurgatory$ExpiredOperationReaper)
[2025-09-03 01:47:33,486] INFO [GroupCoordinator 111]: Starting up. (kafka.coordinator.group.GroupCoordinator)
[2025-09-03 01:47:33,496] INFO [GroupCoordinator 111]: Startup complete. (kafka.coordinator.group.GroupCoordinator)
[2025-09-03 01:47:33,535] INFO [TransactionCoordinator id=111] Starting up. (kafka.coordinator.transaction.TransactionCoordinator)
[2025-09-03 01:47:33,540] INFO [TransactionCoordinator id=111] Startup complete. (kafka.coordinator.transaction.TransactionCoordinator)
[2025-09-03 01:47:33,540] INFO [TxnMarkerSenderThread-111]: Starting (kafka.coordinator.transaction.TransactionMarkerChannelManager)
[2025-09-03 01:47:33,643] INFO [ExpirationReaper-111-AlterAcls]: Starting (kafka.server.DelayedOperationPurgatory$ExpiredOperationReaper)
[2025-09-03 01:47:33,703] INFO [/config/changes-event-process-thread]: Starting (kafka.common.ZkNodeChangeNotificationListener$ChangeEventProcessThread)
[2025-09-03 01:47:33,723] INFO [SocketServer listenerType=ZK_BROKER, nodeId=111] Enabling request processing. (kafka.network.SocketServer)
[2025-09-03 01:47:33,728] INFO Awaiting socket connections on 0.0.0.0:9095. (kafka.network.DataPlaneAcceptor)
[2025-09-03 01:47:33,737] INFO [KafkaServer id=111] Start processing authorizer futures (kafka.server.KafkaServer)
[2025-09-03 01:47:33,738] INFO [KafkaServer id=111] End processing authorizer futures (kafka.server.KafkaServer)
[2025-09-03 01:47:33,739] INFO [KafkaServer id=111] Start processing enable request processing future (kafka.server.KafkaServer)
[2025-09-03 01:47:33,740] INFO [KafkaServer id=111] End processing enable request processing future (kafka.server.KafkaServer)
[2025-09-03 01:47:33,748] INFO Kafka version: 3.9.1 (org.apache.kafka.common.utils.AppInfoParser)
[2025-09-03 01:47:33,749] INFO Kafka commitId: f745dfdcee2b9851 (org.apache.kafka.common.utils.AppInfoParser)
[2025-09-03 01:47:33,749] INFO Kafka startTimeMs: 1756844253742 (org.apache.kafka.common.utils.AppInfoParser)
[2025-09-03 01:47:33,752] INFO [KafkaServer id=111] started (kafka.server.KafkaServer)
[2025-09-03 01:47:34,009] INFO [zk-broker-111-to-controller-forwarding-channel-manager]: Recorded new ZK controller, from now on will use node OMPRAKASH:9092 (id: 0 rack: null) (kafka.server.NodeToControllerRequestThread)
[2025-09-03 01:47:34,052] INFO [zk-broker-111-to-controller-alter-partition-channel-manager]: Recorded new ZK controller, from now on will use node OMPRAKASH:9092 (id: 0 rack: null) (kafka.server.NodeToControllerRequestThread)
